Rk,Player,Nation,Pos,Squad,Age,Born,MP,Starts,Min,90s,Gls,Ast,G-PK,PK,PKatt,CrdY,CrdR,Gls,Ast,G+A,G-PK,G+A-PK,Matches
1,Anatole Abang\Anatole-Abang,cm CMR,FW,NY Red Bulls,19,1996,8,2,225,2.5,0,0,0,0,0,0,0,0.00,0.00,0.00,0.00,0.00,Matches
2,Saad Abdul-Salaam\Saad-Abdul-Salaam,us USA,DF,Sporting KC,24,1991,30,26,2378,26.4,0,3,0,0,0,1,0,0.00,0.11,0.11,0.00,0.11,Matches
3,David Accam\David-Accam,gh GHA,MFFW,Chicago,25,1990,24,21,1934,21.5,9,2,7,2,2,4,0,0.42,0.09,0.51,0.33,0.42,Matches
4,Kellyn Acosta\Kellyn-Acosta,us USA,MF,FC Dallas,20,1995,32,24,2330,25.9,2,3,2,0,0,4,0,0.08,0.12,0.19,0.08,0.19,Matches
5,Luciano Acosta\Luciano-Acosta,ar ARG,MFFW,D.C. United,21,1994,31,25,2100,23.3,3,8,3,0,0,9,0,0.13,0.34,0.47,0.13,0.47,Matches
6,Tyler Adams\Tyler-Adams,us USA,MF,NY Red Bulls,16,1999,1,1,45,0.5,0,0,0,0,0,0,0,0.00,0.00,0.00,0.00,0.00,Matches
7,Sam Adekugbe\Sam-Adekugbe,ca CAN,DF,Vancouver,21,1995,2,1,112,1.2,0,0,0,0,0,0,0,0.00,0.00,0.00,0.00,0.00,Matches
8,Fanendo Adi\Fanendo-Adi,ng NGA,FW,Portland,25,1990,33,30,2646,29.4,16,0,14,2,4,7,0,0.54,0.00,0.54,0.48,0.48,Matches
9,Harrison Afful\Harrison-Afful,gh GHA,DF,Columbus,29,1986,30,30,2561,28.5,3,3,3,0,0,1,1,0.11,0.11,0.21,0.11,0.21,Matches
10,Juan Agudelo\Juan-Agudelo,us USA,FWMF,New England,23,1992,24,14,1347,15.0,7,4,7,0,0,5,0,0.47,0.27,0.73,0.47,0.73,Matches
11,Miguel Aguilar\Miguel-Aguilar,mx MEX,MF,D.C. United,22,1993,6,0,96,1.1,0,0,0,0,0,0,0,0.00,0.00,0.00,0.00,0.00,Matches
12,Agus\Agus,es ESP,DF,Houston,30,1985,8,8,671,7.5,0,0,0,0,0,0,0,0.00,0.00,0.00,0.00,0.00,Matches
13,Fraser Aird\Fraser-Aird,ca CAN,DFMF,Vancouver,20,1995,18,16,1454,16.2,0,0,0,0,0,4,2,0.00,0.00,0.00,0.00,0.00,Matches
14,José Aja\Jose-Aja,uy URU,DF,Orlando City,22,1993,10,9,830,9.2,0,0,0,0,0,3,0,0.00,0.00,0.00,0.00,0.00,Matches
15,Tesho Akindele\Tesho-Akindele,ca CAN,FWMF,FC Dallas,23,1992,31,15,1519,16.9,6,4,4,2,2,2,0,0.36,0.24,0.59,0.24,0.47,Matches
16,Fatai Alashe\Fatai-Alashe,us USA,MF,San Jose,22,1993,28,27,2330,25.9,3,1,3,0,0,8,0,0.12,0.04,0.15,0.12,0.15,Matches
17,Roland Alberg\Roland-Alberg,nl NED,MF,Philadelphia,25,1990,28,13,1158,12.9,9,1,5,4,4,2,2,0.70,0.08,0.78,0.39,0.47,Matches
18,Alex\Alex,br BRA,MF,Houston,27,1988,30,29,2472,27.5,5,2,5,0,0,8,1,0.18,0.07,0.25,0.18,0.25,Matches
19,Eric Alexander\Eric-Alexander,us USA,MF,Houston,27,1988,10,3,331,3.7,0,0,0,0,0,1,0,0.00,0.00,0.00,0.00,0.00,Matches
20,Eric Alexander\Eric-Alexander,us USA,MF,Montreal,27,1988,12,12,1046,11.6,0,1,0,0,0,0,0,0.00,0.09,0.09,0.00,0.09,Matches
21,Tony Alfaro\Tony-Alfaro,us USA,DF,Seattle,22,1993,6,1,289,3.2,0,0,0,0,0,0,0,0.00,0.00,0.00,0.00,0.00,Matches
22,Brandon Allen\Brandon-Allen,us USA,FW,NY Red Bulls,22,1993,1,0,8,0.1,0,0,0,0,0,0,0,0.00,0.00,0.00,0.00,0.00,Matches
23,Jordan Allen\Jordan-Allen,us USA,FWMF,Real Salt Lake,20,1995,23,11,1107,12.3,3,1,3,0,0,1,0,0.24,0.08,0.33,0.24,0.33,Matches
24,Osvaldo Alonso\Osvaldo-Alonso,cu CUB,MF,Seattle,30,1985,32,32,2825,31.4,3,3,3,0,0,7,1,0.10,0.10,0.19,0.10,0.19,Matches
25,Kevin Alston\Kevin-Alston,us USA,DF,Orlando City,27,1988,24,21,1992,22.1,0,0,0,0,0,3,0,0.00,0.00,0.00,0.00,0.00,Matches
26,Jozy Altidore\Jozy-Altidore,us USA,FW,Toronto FC,26,1989,23,16,1488,16.5,10,4,10,0,1,4,0,0.60,0.24,0.85,0.60,0.85,Matches
27,Ever Alvarado\Ever-Alvarado,hn HON,DF,Sporting KC,24,1992,1,0,30,0.3,0,0,0,0,0,0,0,0.00,0.00,0.00,0.00,0.00,Matches
28,Arturo Alvarez\Arturo-Alvarez,sv SLV,MFFW,Chicago,30,1985,30,24,1915,21.3,5,9,5,0,0,2,0,0.23,0.42,0.66,0.23,0.66,Matches
29,Quincy Amarikwa\Quincy-Amarikwa,us USA,FW,San Jose,28,1987,23,22,1687,18.7,3,2,3,0,0,0,0,0.16,0.11,0.27,0.16,0.27,Matches
30,Mikey Ambrose\Mikey-Ambrose,us USA,DF,Orlando City,22,1993,5,4,405,4.5,0,0,0,0,0,1,0,0.00,0.00,0.00,0.00,0.00,Matches
31,Oalex Anderson\Oalex-Anderson,vc VIN,FW,Seattle,20,1995,15,2,422,4.7,0,0,0,0,0,0,0,0.00,0.00,0.00,0.00,0.00,Matches
32,Nuno André Coelho\Nuno-Andre-Coelho,pt POR,DFMF,Sporting KC,30,1986,22,20,1617,18.0,1,1,1,0,0,2,0,0.06,0.06,0.11,0.06,0.11,Matches
33,Vytas Andriuškevičius\Vytas-Andriuskevicius,lt LTU,DF,Portland,25,1990,11,10,916,10.2,1,0,1,0,0,2,0,0.10,0.00,0.10,0.10,0.10,Matches
34,Jalil Anibaba\Jalil-Anibaba,us USA,DF,Houston,27,1988,30,28,2616,29.1,0,1,0,0,0,4,0,0.00,0.03,0.03,0.00,0.03,Matches
35,Emmanuel Appiah\Emmanuel-Appiah,us USA,MF,Sporting KC,22,1993,1,1,90,1.0,0,0,0,0,0,0,0,0.00,0.00,0.00,0.00,0.00,Matches
36,Yair Arboleda\Yair-Arboleda,co COL,MF,Houston,19,1996,1,1,61,0.7,0,0,0,0,0,0,0,0.00,0.00,0.00,0.00,0.00,Matches
37,Gbenga Arokoyo\Gbenga-Arokoyo,ng NGA,DF,Portland,23,1992,1,0,24,0.3,0,0,0,0,0,0,0,0.00,0.00,0.00,0.00,0.00,Matches
38,David Arshakyan\David-Arshakyan,am ARM,FW,Chicago,21,1994,9,3,326,3.6,0,0,0,0,0,0,0,0.00,0.00,0.00,0.00,0.00,Matches
39,Corey Ashe\Corey-Ashe,us USA,DF,Columbus,29,1986,18,14,1208,13.4,0,1,0,0,0,1,0,0.00,0.07,0.07,0.00,0.07,Matches
40,Dairon Asprilla\Dairon-Asprilla,co COL,FWMF,Portland,23,1992,9,6,489,5.4,1,0,0,1,1,1,1,0.18,0.00,0.18,0.00,0.00,Matches
41,Jeff Attinella\Jeff-Attinella,us USA,GK,Real Salt Lake,27,1988,4,4,360,4.0,0,0,0,0,0,0,0,0.00,0.00,0.00,0.00,0.00,Matches
42,Eric Ayuk\Eric-Ayuk,cm CMR,MF,Philadelphia,18,1997,1,1,90,1.0,0,0,0,0,0,0,0,0.00,0.00,0.00,0.00,0.00,Matches
43,Micheal Azira\Micheal-Azira,ug UGA,MF,Colorado,28,1987,31,28,2503,27.8,0,1,0,0,0,9,2,0.00,0.04,0.04,0.00,0.04,Matches
44,Gideon Baah\Gideon-Baah,gh GHA,DF,NY Red Bulls,24,1991,9,6,468,5.2,2,0,2,0,0,0,0,0.38,0.00,0.38,0.38,0.38,Matches
45,Molham Babouli\Molham-Babouli,ca CAN,FW,Toronto FC,22,1993,16,6,654,7.3,0,0,0,0,0,1,0,0.00,0.00,0.00,0.00,0.00,Matches
46,Dominique Badji\Dominique-Badji,sn SEN,MFFW,Colorado,23,1992,27,17,1576,17.5,6,2,6,0,0,5,0,0.34,0.11,0.46,0.34,0.46,Matches
47,Pedro Báez\Pedro-Baez,py PAR,FW,Real Salt Lake,19,1997,1,0,6,0.1,0,0,0,0,0,0,0,0.00,0.00,0.00,0.00,0.00,Matches
48,Mehdi Ballouchy\Mehdi-Ballouchy,ma MAR,FW,NYCFC,32,1983,4,1,148,1.6,0,0,0,0,0,0,0,0.00,0.00,0.00,0.00,0.00,Matches
49,Júlio Baptista\Julio-Baptista,br BRA,MFFW,Orlando City,34,1981,23,5,741,8.2,6,3,6,0,1,1,0,0.73,0.36,1.09,0.73,1.09,Matches
50,Jack Barmby\Jack-Barmby,eng ENG,MFDF,Portland,21,1994,19,2,395,4.4,1,0,1,0,0,1,0,0.23,0.00,0.23,0.23,0.23,Matches
51,Darrius Barnes\Darrius-Barnes,us USA,DFMF,New England,29,1986,4,4,344,3.8,0,0,0,0,0,0,0,0.00,0.00,0.00,0.00,0.00,Matches
52,Giles Barnes\Giles-Barnes,jm JAM,MFFW,Houston,27,1988,14,13,1100,12.2,4,2,4,0,0,0,0,0.33,0.16,0.49,0.33,0.49,Matches
53,Giles Barnes\Giles-Barnes,jm JAM,FWMF,Vancouver,27,1988,10,8,704,7.8,2,2,2,0,0,1,0,0.26,0.26,0.51,0.26,0.51,Matches
54,Tranquillo Barnetta\Tranquillo-Barnetta,ch SUI,MF,Philadelphia,30,1985,29,25,2309,25.7,5,4,5,0,0,8,0,0.19,0.16,0.35,0.19,0.35,Matches
55,Chad Barrett\Chad-Barrett,us USA,FW,San Jose,30,1985,20,3,577,6.4,2,1,2,0,0,1,0,0.31,0.16,0.47,0.31,0.47,Matches
56,Michael Barrios\Michael-Barrios,co COL,MFFW,FC Dallas,24,1991,32,30,2435,27.1,9,2,9,0,0,3,0,0.33,0.07,0.41,0.33,0.41,Matches
57,Hadji Barry\Hadji-Barry,gn GUI,MF,Orlando City,23,1992,8,4,294,3.3,0,0,0,0,0,0,0,0.00,0.00,0.00,0.00,0.00,Matches
58,Chad Barson\Chad-Barson,us USA,DF,Columbus,24,1991,7,3,329,3.7,0,0,0,0,0,0,0,0.00,0.00,0.00,0.00,0.00,Matches
59,DaMarcus Beasley\DaMarcus-Beasley,us USA,DF,Houston,33,1982,24,24,1973,21.9,1,0,1,0,0,1,0,0.05,0.00,0.05,0.05,0.05,Matches
60,Kyle Beckerman\Kyle-Beckerman,us USA,MF,Real Salt Lake,33,1982,27,27,2366,26.3,0,1,0,0,0,8,1,0.00,0.04,0.04,0.00,0.04,Matches
61,Alejandro Bedoya\Alejandro-Bedoya,us USA,MF,Philadelphia,28,1987,10,10,842,9.4,1,0,1,0,0,3,0,0.11,0.00,0.11,0.11,0.11,Matches
62,Steven Beitashour\Steven-Beitashour,ir IRN,DFMF,Toronto FC,28,1987,29,29,2558,28.4,0,1,0,0,0,5,0,0.00,0.04,0.04,0.00,0.04,Matches
63,Kyle Bekker\Kyle-Bekker,ca CAN,MF,Montreal,25,1990,18,13,1138,12.6,1,0,1,0,0,3,0,0.08,0.00,0.08,0.08,0.08,Matches
64,Tony Beltran\Tony-Beltran,us USA,DF,Real Salt Lake,28,1987,29,27,2467,27.4,0,2,0,0,0,9,0,0.00,0.07,0.07,0.00,0.07,Matches
65,Joe Bendik\Joe-Bendik,us USA,GK,Orlando City,26,1989,34,34,3060,34.0,0,0,0,0,0,2,0,0.00,0.00,0.00,0.00,0.00,Matches
66,Hernán Bernardello\Hernan-Bernardello,ar ARG,MF,Montreal,29,1986,12,11,991,11.0,1,0,1,0,0,5,0,0.09,0.00,0.09,0.09,0.09,Matches
67,Víctor Bernárdez\Victor-Bernardez,hn HON,DF,San Jose,33,1982,33,33,2832,31.5,1,0,1,0,0,5,0,0.03,0.00,0.03,0.03,0.03,Matches
68,Patrice Bernier\Patrice-Bernier,ca CAN,MF,Montreal,36,1979,20,13,1182,13.1,0,1,0,0,0,4,0,0.00,0.08,0.08,0.00,0.08,Matches
69,Matt Besler\Matt-Besler,us USA,DF,Sporting KC,28,1987,18,17,1545,17.2,1,0,1,0,0,4,0,0.06,0.00,0.06,0.06,0.06,Matches
70,Justin Bilyeu\Justin-Bilyeu,us USA,DF,NY Red Bulls,21,1994,3,1,119,1.3,0,0,0,0,0,0,0,0.00,0.00,0.00,0.00,0.00,Matches
71,David Bingham\David-Bingham,us USA,GK,San Jose,26,1989,34,33,3016,33.5,0,0,0,0,0,2,0,0.00,0.00,0.00,0.00,0.00,Matches
72,Steve Birnbaum\Steve-Birnbaum,us USA,DF,D.C. United,25,1991,26,26,2340,26.0,3,2,3,0,0,5,0,0.12,0.08,0.19,0.12,0.19,Matches
73,Andre Blake\Andre-Blake,jm JAM,GK,Philadelphia,25,1990,32,32,2880,32.0,0,0,0,0,0,0,0,0.00,0.00,0.00,0.00,0.00,Matches
74,Mark Bloom\Mark-Bloom,us USA,MFDF,Toronto FC,28,1987,7,5,338,3.8,0,2,0,0,0,1,0,0.00,0.53,0.53,0.00,0.53,Matches
75,Emmanuel Boateng\Emmanuel-Boateng,gh GHA,MF,LA Galaxy,22,1994,26,17,1545,17.2,2,5,2,0,0,1,0,0.12,0.29,0.41,0.12,0.41,Matches
76,Luke Boden\Luke-Boden,eng ENG,DF,Orlando City,27,1988,20,19,1611,17.9,0,2,0,0,0,2,0,0.00,0.11,0.11,0.00,0.11,Matches
77,Christian Bolaños\Christian-Bolanos,cr CRC,MF,Vancouver,31,1984,27,23,2114,23.5,5,8,5,0,1,2,0,0.21,0.34,0.55,0.21,0.55,Matches
78,Colin Bonner\Colin-Bonner,us USA,FW,FC Dallas,21,1994,1,1,26,0.3,0,0,0,0,0,0,0,0.00,0.00,0.00,0.00,0.00,Matches
79,Alex Bono\Alex-Bono,us USA,GK,Toronto FC,21,1994,16,15,1371,15.2,0,0,0,0,0,0,0,0.00,0.00,0.00,0.00,0.00,Matches
80,Nat Borchers\Nat-Borchers,us USA,DF,Portland,34,1981,21,21,1810,20.1,1,1,1,0,0,2,0,0.05,0.05,0.10,0.05,0.10,Matches
81,Bobby Boswell\Bobby-Boswell,us USA,DF,D.C. United,32,1983,30,29,2633,29.3,2,1,2,0,0,3,0,0.07,0.03,0.10,0.07,0.10,Matches
82,Michael Bradley\Michael-Bradley,us USA,MF,Toronto FC,28,1987,24,24,2160,24.0,1,4,1,0,0,5,0,0.04,0.17,0.21,0.04,0.21,Matches
83,Federico Bravo\Federico-Bravo,ar ARG,MF,NYCFC,22,1993,21,11,1105,12.3,0,0,0,0,0,8,1,0.00,0.00,0.00,0.00,0.00,Matches
84,Neco Brett\Neco-Brett,jm JAM,FW,Portland,23,1992,1,0,1,0.0,0,0,0,0,0,0,0,0.00,0.00,0.00,0.00,0.00,Matches
85,Frédéric Brillant\Frederic-Brillant,fr FRA,DF,NYCFC,30,1985,31,31,2790,31.0,1,0,1,0,0,4,0,0.03,0.00,0.03,0.03,0.03,Matches
86,Keyner Brown\Keyner-Brown,cr CRC,DF,Houston,24,1991,4,3,285,3.2,0,0,0,0,0,0,0,0.00,0.00,0.00,0.00,0.00,Matches
87,Will Bruin\Will-Bruin,us USA,FW,Houston,26,1989,31,18,1554,17.3,4,2,4,0,0,1,0,0.23,0.12,0.35,0.23,0.35,Matches
88,Teal Bunbury\Teal-Bunbury,us USA,MFFW,New England,25,1990,27,19,1658,18.4,2,2,2,0,0,5,0,0.11,0.11,0.22,0.11,0.22,Matches
89,Marc Burch\Marc-Burch,us USA,DF,Colorado,31,1984,28,27,2443,27.1,0,3,0,0,0,9,0,0.00,0.11,0.11,0.00,0.11,Matches
90,Bobby Burling\Bobby-Burling,us USA,DF,Colorado,31,1984,16,16,1414,15.7,1,0,1,0,0,4,0,0.06,0.00,0.06,0.06,0.06,Matches
91,Julian Büscher\Julian-Buscher,de GER,MF,D.C. United,22,1993,20,3,600,6.7,1,4,1,0,0,3,0,0.15,0.60,0.75,0.15,0.75,Matches
92,Evan Bush\Evan-Bush,us USA,GK,Montreal,29,1986,33,33,2931,32.6,0,0,0,0,0,3,1,0.00,0.00,0.00,0.00,0.00,Matches
93,Marco Bustos\Marco-Bustos,ca CAN,MF,Vancouver,19,1996,3,1,65,0.7,0,0,0,0,0,0,0,0.00,0.00,0.00,0.00,0.00,Matches
94,Víctor Cabrera\Victor-Cabrera,ar ARG,DF,Montreal,22,1993,23,21,1926,21.4,0,0,0,0,0,6,0,0.00,0.00,0.00,0.00,0.00,Matches
95,Scott Caldwell\Scott-Caldwell,us USA,MF,New England,24,1991,32,31,2611,29.0,0,2,0,0,0,6,0,0.00,0.07,0.07,0.00,0.07,Matches
96,Joey Calistri\Joey-Calistri,us USA,FW,Chicago,22,1993,14,2,357,4.0,1,0,1,0,0,0,0,0.25,0.00,0.25,0.25,0.25,Matches
97,Caleb Calvert\Caleb-Calvert,us USA,FW,Colorado,19,1996,8,1,171,1.9,0,0,0,0,0,1,0,0.00,0.00,0.00,0.00,0.00,Matches
98,Hassoun Camara\Hassoun-Camara,sn SEN,DF,Montreal,31,1984,27,26,2246,25.0,2,2,2,0,0,6,0,0.08,0.08,0.16,0.08,0.16,Matches
99,Jonathan Campbell\Jonathan-Campbell,us USA,DF,Chicago,22,1993,33,30,2824,31.4,1,1,1,0,0,1,0,0.03,0.03,0.06,0.03,0.06,Matches
100,Servando Carrasco\Servando-Carrasco,us USA,MF,Orlando City,27,1988,31,21,2005,22.3,0,1,0,0,0,5,0,0.00,0.04,0.04,0.00,0.04,Matches
101,Brian Carroll\Brian-Carroll,us USA,MF,Philadelphia,34,1981,26,23,2093,23.3,1,0,1,0,0,6,0,0.04,0.00,0.04,0.04,0.04,Matches
102,Conor Casey\Conor-Casey,us USA,FW,Columbus,34,1981,4,0,111,1.2,0,0,0,0,0,0,1,0.00,0.00,0.00,0.00,0.00,Matches
103,Dennis Castillo\Dennis-Castillo,cr CRC,DF,Colorado,22,1993,4,1,125,1.4,0,1,0,0,0,1,0,0.00,0.72,0.72,0.00,0.72,Matches
104,Fabián Castillo\Fabian-Castillo,co COL,MFFW,FC Dallas,23,1992,22,20,1744,19.4,5,5,5,0,0,1,0,0.26,0.26,0.52,0.26,0.52,Matches
105,Cordell Cato\Cordell-Cato,tt TRI,DFMF,San Jose,23,1992,21,15,1393,15.5,0,2,0,0,0,0,0,0.00,0.13,0.13,0.00,0.13,Matches
106,Darwin Cerén\Darwin-Ceren,sv SLV,MF,Orlando City,26,1989,16,14,1220,13.6,0,2,0,0,0,1,1,0.00,0.15,0.15,0.00,0.15,Matches
107,Darwin Cerén\Darwin-Ceren,sv SLV,MF,San Jose,26,1989,12,9,893,9.9,0,0,0,0,0,3,0,0.00,0.00,0.00,0.00,0.00,Matches
108,Maxime Chanot\Maxime-Chanot,lu LUX,DF,NYCFC,26,1989,6,5,495,5.5,0,0,0,0,0,2,0,0.00,0.00,0.00,0.00,0.00,Matches
109,Jay Chapman\Jay-Chapman,ca CAN,MF,Toronto FC,22,1994,18,9,784,8.7,0,2,0,0,0,1,0,0.00,0.23,0.23,0.00,0.23,Matches
110,Diego Chará\Diego-Chara,co COL,MF,Portland,29,1986,30,30,2599,28.9,0,1,0,0,0,9,1,0.00,0.03,0.03,0.00,0.03,Matches
111,Benoît Cheyrou\Benoit-Cheyrou,fr FRA,MFDF,Toronto FC,34,1981,14,9,803,8.9,0,2,0,0,0,2,2,0.00,0.22,0.22,0.00,0.22,Matches
112,David Choinière\David-Choiniere,ca CAN,FW,Montreal,18,1997,1,1,75,0.8,0,0,0,0,0,0,0,0.00,0.00,0.00,0.00,0.00,Matches
113,Laurent Ciman\Laurent-Ciman,be BEL,DF,Montreal,30,1985,28,28,2483,27.6,0,0,0,0,0,3,0,0.00,0.00,0.00,0.00,0.00,Matches
114,Ricardo Clark\Ricardo-Clark,us USA,MF,Houston,32,1983,32,29,2548,28.3,4,2,4,0,0,4,0,0.14,0.07,0.21,0.14,0.21,Matches
115,Steve Clark\Steve-Clark,us USA,GK,Columbus,29,1986,32,32,2880,32.0,0,0,0,0,0,1,0,0.00,0.00,0.00,0.00,0.00,Matches
116,Răzvan Cociș\Razvan-Cocis,ro ROU,MF,Chicago,32,1983,30,19,1907,21.2,5,2,5,0,0,4,0,0.24,0.09,0.33,0.24,0.33,Matches
117,Ashley Cole\Ashley-Cole,eng ENG,DF,LA Galaxy,35,1980,26,25,2228,24.8,1,0,1,0,0,4,3,0.04,0.00,0.04,0.04,0.04,Matches
118,Aurélien Collin\Aurelien-Collin,fr FRA,DF,NY Red Bulls,29,1986,23,21,1933,21.5,0,2,0,0,0,7,1,0.00,0.09,0.09,0.00,0.09,Matches
119,Aurélien Collin\Aurelien-Collin,fr FRA,DF,Orlando City,29,1986,2,1,135,1.5,0,0,0,0,0,0,0,0.00,0.00,0.00,0.00,0.00,Matches
120,Kip Colvey\Kip-Colvey,nz NZL,DF,San Jose,21,1994,4,3,315,3.5,0,0,0,0,0,0,0,0.00,0.00,0.00,0.00,0.00,Matches
121,Anderson Conceição\Anderson-Conceicao,br BRA,DF,Philadelphia,26,1989,1,1,90,1.0,0,0,0,0,0,0,0,0.00,0.00,0.00,0.00,0.00,Matches
122,Armando Cooper\Armando-Cooper,pa PAN,MF,Toronto FC,28,1987,6,4,390,4.3,0,2,0,0,0,0,0,0.00,0.46,0.46,0.00,0.46,Matches
123,Coy Craft\Coy-Craft,us USA,FWMF,FC Dallas,18,1997,2,0,19,0.2,0,0,0,0,0,0,0,0.00,0.00,0.00,0.00,0.00,Matches
124,Warren Creavalle\Warren-Creavalle,us USA,MF,Philadelphia,25,1990,27,21,1808,20.1,0,1,0,0,0,5,1,0.00,0.05,0.05,0.00,0.05,Matches
125,Sam Cronin\Sam-Cronin,us USA,MF,Colorado,29,1986,33,33,2920,32.4,1,1,1,0,0,6,0,0.03,0.03,0.06,0.03,0.06,Matches
126,Cody Cropper\Cody-Cropper,us USA,GK,New England,22,1993,1,1,90,1.0,0,0,0,0,0,0,0,0.00,0.00,0.00,0.00,0.00,Matches
127,Omer Damari\Omer-Damari,il ISR,FW,NY Red Bulls,26,1989,4,0,83,0.9,0,0,0,0,0,0,0,0.00,0.00,0.00,0.00,0.00,Matches
128,Aubrey David\Aubrey-David,tt TRI,DF,FC Dallas,25,1990,5,4,364,4.0,0,0,0,0,0,1,0,0.00,0.00,0.00,0.00,0.00,Matches
129,Alphonso Davies\Alphonso-Davies,ca CAN,MF,Vancouver,15,2000,8,2,305,3.4,0,0,0,0,0,0,0,0.00,0.00,0.00,0.00,0.00,Matches
130,Charlie Davies\Charlie-Davies,us USA,FW,Philadelphia,29,1986,8,0,89,1.0,0,1,0,0,0,0,0,0.00,1.01,1.01,0.00,1.01,Matches
131,Charlie Davies\Charlie-Davies,us USA,FW,New England,29,1986,9,3,294,3.3,1,0,1,0,0,0,0,0.31,0.00,0.31,0.31,0.31,Matches
132,Brad Davis\Brad-Davis,us USA,FW,Sporting KC,34,1981,24,14,1302,14.5,2,1,2,0,0,0,0,0.14,0.07,0.21,0.14,0.21,Matches
133,Sean Davis\Sean-Davis,us USA,MF,NY Red Bulls,22,1993,21,11,1116,12.4,2,2,2,0,0,1,0,0.16,0.16,0.32,0.16,0.32,Matches
134,Simon Dawkins\Simon-Dawkins,jm JAM,MFFW,San Jose,28,1987,29,28,2397,26.6,5,0,5,0,0,3,1,0.19,0.00,0.19,0.19,0.19,Matches
135,A.J. DeLaGarza\AJ-DeLaGarza,gu GUM,DF,LA Galaxy,28,1987,24,23,2064,22.9,0,0,0,0,0,5,0,0.00,0.00,0.00,0.00,0.00,Matches
136,Nick DeLeon\Nick-DeLeon,us USA,MFDF,D.C. United,25,1990,32,27,2510,27.9,1,0,1,0,0,5,0,0.04,0.00,0.04,0.04,0.04,Matches
137,Marky Delgado\Marky-Delgado,us USA,MF,Toronto FC,20,1995,28,23,1990,22.1,2,2,2,0,0,5,0,0.09,0.09,0.18,0.09,0.18,Matches
138,Clint Dempsey\Clint-Dempsey,us USA,MFFW,Seattle,32,1983,17,17,1427,15.9,8,1,6,2,2,1,1,0.50,0.06,0.57,0.38,0.44,Matches
139,Tyler Deric\Tyler-Deric,us USA,GK,Houston,27,1988,10,10,772,8.6,0,0,0,0,0,0,2,0.00,0.00,0.00,0.00,0.00,Matches
140,Amadou Dia\Amadou-Dia,us USA,DF,Montreal,22,1993,1,1,90,1.0,0,0,0,0,0,0,0,0.00,0.00,0.00,0.00,0.00,Matches
141,Amadou Dia\Amadou-Dia,us USA,DF,Sporting KC,22,1993,10,9,816,9.1,0,0,0,0,0,1,0,0.00,0.00,0.00,0.00,0.00,Matches
142,Mauro Díaz\Mauro-Diaz,ar ARG,MF,FC Dallas,24,1991,27,24,2143,23.8,5,10,2,3,3,3,0,0.21,0.42,0.63,0.08,0.50,Matches
143,Clément Diop\Clement-Diop,sn SEN,GK,LA Galaxy,22,1993,2,2,180,2.0,0,0,0,0,0,0,0,0.00,0.00,0.00,0.00,0.00,Matches
144,Mix Diskerud\Mix-Diskerud,us USA,MF,NYCFC,25,1990,12,9,812,9.0,1,2,1,0,0,1,0,0.11,0.22,0.33,0.11,0.33,Matches
145,Marco Donadel\Marco-Donadel,it ITA,MF,Montreal,32,1983,21,18,1513,16.8,0,4,0,0,0,4,0,0.00,0.24,0.24,0.00,0.24,Matches
146,Landon Donovan\Landon-Donovan,us USA,MF,LA Galaxy,33,1982,6,2,235,2.6,1,0,1,0,0,1,0,0.38,0.00,0.38,0.38,0.38,Matches
147,Giovani dos Santos\Giovani-dos-Santos,mx MEX,MFFW,LA Galaxy,26,1989,28,27,2346,26.1,14,5,13,1,1,3,0,0.54,0.19,0.73,0.50,0.69,Matches
148,Conor Doyle\Conor-Doyle,ie IRL,FW,Colorado,24,1991,3,0,26,0.3,0,0,0,0,0,2,0,0.00,0.00,0.00,0.00,0.00,Matches
149,Kevin Doyle\Kevin-Doyle,ie IRL,FWMF,Colorado,32,1983,26,24,2259,25.1,6,2,5,1,1,5,0,0.24,0.08,0.32,0.20,0.28,Matches
150,Didier Drogba\Didier-Drogba,ci CIV,FW,Montreal,37,1978,22,18,1650,18.3,10,3,8,2,3,5,1,0.55,0.16,0.71,0.44,0.60,Matches
151,Dilly Duka\Dilly-Duka,us USA,MF,Columbus,26,1989,15,5,621,6.9,1,1,1,0,0,0,0,0.14,0.14,0.29,0.14,0.29,Matches
152,Chris Duvall\Chris-Duvall,us USA,DF,NY Red Bulls,24,1991,25,20,1893,21.0,0,1,0,0,0,3,1,0.00,0.05,0.05,0.00,0.05,Matches
153,Dom Dwyer\Dom-Dwyer,us USA,FW,Sporting KC,25,1990,33,31,2822,31.4,16,2,16,0,0,8,0,0.51,0.06,0.57,0.51,0.57,Matches
154,Andrew Dykstra\Andrew-Dykstra,us USA,GK,D.C. United,30,1986,1,1,90,1.0,0,0,0,0,0,0,0,0.00,0.00,0.00,0.00,0.00,Matches
155,David Edgar\David-Edgar,ca CAN,DF,Vancouver,28,1987,8,8,720,8.0,0,0,0,0,0,2,0,0.00,0.00,0.00,0.00,0.00,Matches
156,Raheem Edwards\Raheem-Edwards,ca CAN,MF,Toronto FC,20,1995,1,0,3,0.0,0,0,0,0,0,0,0,0.00,0.00,0.00,0.00,0.00,Matches
157,Kevin Ellis\Kevin-Ellis,us USA,DF,Sporting KC,24,1991,14,10,954,10.6,1,1,1,0,0,1,0,0.09,0.09,0.19,0.09,0.19,Matches
158,Innocent Emeghara\Innocent-Emeghara,ch SUI,FW,San Jose,26,1989,6,1,118,1.3,0,0,0,0,0,0,0,0.00,0.00,0.00,0.00,0.00,Matches
159,Tsubasa Endoh\Tsubasa-Endoh,jp JPN,MFFW,Toronto FC,22,1993,21,15,1382,15.4,2,0,2,0,0,0,0,0.13,0.00,0.13,0.13,0.13,Matches
160,José Escalante\Jose-Escalante,hn HON,MF,Houston,20,1995,3,1,110,1.2,0,0,0,0,0,0,0,0.00,0.00,0.00,0.00,0.00,Matches
161,Fabián Espíndola\Fabian-Espindola,ar ARG,FWMF,D.C. United,30,1985,15,10,927,10.3,4,1,4,0,1,2,0,0.39,0.10,0.49,0.39,0.49,Matches
162,Roger Espinoza\Roger-Espinoza,hn HON,MF,Sporting KC,29,1986,30,30,2678,29.8,1,5,1,0,0,10,2,0.03,0.17,0.20,0.03,0.20,Matches
163,Juan Esteban Ortiz\Juan-Esteban-Ortiz,co COL,MF,FC Dallas,28,1987,5,2,172,1.9,0,0,0,0,0,2,0,0.00,0.00,0.00,0.00,0.00,Matches
164,Derrick Etienne\Derrick-Etienne,ht HAI,FWMF,NY Red Bulls,19,1996,1,0,5,0.1,0,0,0,0,0,0,0,0.00,0.00,0.00,0.00,0.00,Matches
165,Brad Evans\Brad-Evans,us USA,DF,Seattle,30,1985,23,21,1931,21.5,1,1,0,1,1,0,2,0.05,0.05,0.09,0.00,0.05,Matches
166,Fabinho\Fabinho,br BRA,DF,Philadelphia,30,1985,29,29,2514,27.9,0,6,0,0,0,6,0,0.00,0.21,0.21,0.00,0.21,Matches
167,Diego Fagúndez\Diego-Fagundez,uy URU,MFFW,New England,20,1995,34,24,2236,24.8,6,5,6,0,0,4,0,0.24,0.20,0.44,0.24,0.44,Matches
168,Michael Farfan\Michael-Farfan,us USA,MF,Seattle,27,1988,1,0,27,0.3,0,0,0,0,0,0,0,0.00,0.00,0.00,0.00,0.00,Matches
169,Andrew Farrell\Andrew-Farrell,us USA,DF,New England,23,1992,33,32,2892,32.1,0,0,0,0,0,1,0,0.00,0.00,0.00,0.00,0.00,Matches
170,Benny Feilhaber\Benny-Feilhaber,us USA,MF,Sporting KC,31,1985,30,28,2558,28.4,7,5,2,5,5,3,0,0.25,0.18,0.42,0.07,0.25,Matches
171,Felipe\Felipe,br BRA,MF,NY Red Bulls,25,1990,33,33,2895,32.2,5,7,5,0,0,6,1,0.16,0.22,0.37,0.16,0.37,Matches
172,Leo Fernandes\Leo-Fernandes,br BRA,MF,Philadelphia,24,1991,12,2,264,2.9,0,1,0,0,0,1,0,0.00,0.34,0.34,0.00,0.34,Matches
173,Álvaro Fernández\Alvaro-Fernandez,uy URU,MF,Seattle,30,1985,10,8,526,5.8,1,1,1,0,0,0,0,0.17,0.17,0.34,0.17,0.34,Matches
174,Collin Fernandez\Collin-Fernandez,us USA,MF,Chicago,18,1997,2,0,10,0.1,0,0,0,0,0,0,0,0.00,0.00,0.00,0.00,0.00,Matches
175,Maynor Figueroa\Maynor-Figueroa,hn HON,DF,FC Dallas,32,1983,28,28,2434,27.0,0,1,0,0,0,7,1,0.00,0.04,0.04,0.00,0.04,Matches
176,Ethan Finlay\Ethan-Finlay,us USA,MF,Columbus,25,1990,34,27,2460,27.3,6,6,5,1,1,2,0,0.22,0.22,0.44,0.18,0.40,Matches
177,Kyle Fisher\Kyle-Fisher,us USA,DF,Montreal,21,1994,2,2,180,2.0,0,0,0,0,0,1,0,0.00,0.00,0.00,0.00,0.00,Matches
178,Oniel Fisher\Oniel-Fisher,jm JAM,DF,Seattle,24,1991,6,2,243,2.7,0,1,0,0,0,1,1,0.00,0.37,0.37,0.00,0.37,Matches
179,Deybi Flores\Deybi-Flores,hn HON,MF,Vancouver,19,1996,1,1,45,0.5,0,0,0,0,0,0,0,0.00,0.00,0.00,0.00,0.00,Matches
180,Shaun Francis\Shaun-Francis,jm JAM,DF,San Jose,29,1986,18,17,1523,16.9,0,0,0,0,0,4,0,0.00,0.00,0.00,0.00,0.00,Matches
181,Waylon Francis\Waylon-Francis,cr CRC,DF,Columbus,25,1990,19,13,1237,13.7,0,3,0,0,0,2,0,0.00,0.22,0.22,0.00,0.22,Matches
182,Sean Franklin\Sean-Franklin,us USA,DF,D.C. United,30,1985,29,29,2493,27.7,1,1,1,0,0,5,0,0.04,0.04,0.07,0.04,0.07,Matches
183,Stefan Frei\Stefan-Frei,ch SUI,GK,Seattle,29,1986,33,33,2970,33.0,0,0,0,0,0,0,0,0.00,0.00,0.00,0.00,0.00,Matches
184,Erik Friberg\Erik-Friberg,se SWE,MF,Seattle,29,1986,25,18,1583,17.6,0,1,0,0,0,4,0,0.00,0.06,0.06,0.00,0.06,Matches
185,Kianz Froese\Kianz-Froese,ca CAN,MF,Vancouver,19,1996,5,1,151,1.7,0,0,0,0,0,1,0,0.00,0.00,0.00,0.00,0.00,Matches
186,Ray Gaddis\Ray-Gaddis,us USA,DF,Philadelphia,26,1990,7,5,515,5.7,0,0,0,0,0,4,0,0.00,0.00,0.00,0.00,0.00,Matches
187,Boniek García\Boniek-Garcia,hn HON,MF,Houston,31,1984,31,24,2250,25.0,0,9,0,0,0,4,0,0.00,0.36,0.36,0.00,0.36,Matches
188,Matías García\Matias-Garcia,ar ARG,MF,Orlando City,33,1983,13,10,881,9.8,0,0,0,0,0,1,0,0.00,0.00,0.00,0.00,0.00,Matches
189,Matías García\Matias-Garcia,ar ARG,MF,San Jose,33,1983,14,9,750,8.3,0,1,0,0,0,2,0,0.00,0.12,0.12,0.00,0.12,Matches
190,Olmes García\Olmes-Garcia,co COL,FW,Real Salt Lake,23,1992,24,9,976,10.8,1,1,1,0,0,2,0,0.09,0.09,0.18,0.09,0.18,Matches
191,Rafael Garcia\Rafael-Garcia,us USA,MF,LA Galaxy,27,1988,6,2,272,3.0,0,0,0,0,0,1,0,0.00,0.00,0.00,0.00,0.00,Matches
192,Shkëlzen Gashi\Shkelzen-Gashi,al ALB,MF,Colorado,27,1988,26,25,2111,23.5,9,4,8,1,2,4,0,0.38,0.17,0.55,0.34,0.51,Matches
193,Eric Gehrig\Eric-Gehrig,us USA,DFMF,Chicago,28,1987,5,3,260,2.9,0,0,0,0,0,0,0,0.00,0.00,0.00,0.00,0.00,Matches
194,Steven Gerrard\Steven-Gerrard,eng ENG,MF,LA Galaxy,35,1980,21,18,1486,16.5,3,9,3,0,1,1,0,0.18,0.55,0.73,0.18,0.73,Matches
195,Getterson\Getterson,br BRA,MFFW,FC Dallas,24,1991,4,2,153,1.7,0,0,0,0,0,0,0,0.00,0.00,0.00,0.00,0.00,Matches
196,Gilberto\Gilberto,br BRA,FW,Chicago,26,1989,9,8,642,7.1,0,2,0,0,0,0,0,0.00,0.28,0.28,0.00,0.28,Matches
197,Sebastian Giovinco\Sebastian-Giovinco,it ITA,FW,Toronto FC,29,1987,28,28,2415,26.8,17,14,13,4,4,3,0,0.63,0.52,1.16,0.48,1.01,Matches
198,Justen Glad\Justen-Glad,us USA,DF,Real Salt Lake,18,1997,28,27,2424,26.9,2,1,2,0,0,4,0,0.07,0.04,0.11,0.07,0.11,Matches
199,Jake Gleeson\Jake-Gleeson,nz NZL,GK,Portland,25,1990,28,28,2479,27.5,0,0,0,0,0,1,0,0.00,0.00,0.00,0.00,0.00,Matches
200,Aníbal Godoy\Anibal-Godoy,pa PAN,MF,San Jose,25,1990,23,23,1938,21.5,1,2,1,0,0,7,3,0.05,0.09,0.14,0.05,0.14,Matches
201,Henok Goitom\Henok-Goitom,er ERI,FW,San Jose,31,1984,8,3,419,4.7,0,1,0,0,0,1,0,0.00,0.21,0.21,0.00,0.21,Matches
202,Hérculez Gómez\Herculez-Gomez,us USA,FWMF,Seattle,33,1982,21,9,844,9.4,0,0,0,0,0,1,0,0.00,0.00,0.00,0.00,0.00,Matches
203,José Gonçalves\Jose-Goncalves,pt POR,DF,New England,30,1985,28,28,2519,28.0,0,0,0,0,0,3,0,0.00,0.00,0.00,0.00,0.00,Matches
204,Jesse Gonzalez\Jesse-Gonzalez,mx MEX,GK,FC Dallas,20,1995,6,6,537,6.0,0,0,0,0,0,0,0,0.00,0.00,0.00,0.00,0.00,Matches
205,Clarence Goodson\Clarence-Goodson,us USA,DF,San Jose,33,1982,2,2,180,2.0,0,0,0,0,0,0,0,0.00,0.00,0.00,0.00,0.00,Matches
206,John Goossens\John-Goossens,nl NED,MFFW,Chicago,27,1988,24,15,1286,14.3,3,4,3,0,0,0,0,0.21,0.28,0.49,0.21,0.49,Matches
207,Alan Gordon\Alan-Gordon,us USA,FW,LA Galaxy,34,1981,22,7,718,8.0,3,3,3,0,0,2,0,0.38,0.38,0.75,0.38,0.75,Matches
208,Ned Grabavoy\Ned-Grabavoy,us USA,MF,Portland,32,1983,22,5,647,7.2,0,0,0,0,0,3,0,0.00,0.00,0.00,0.00,0.00,Matches
209,Joseph Greenspan\Joseph-Greenspan,us USA,DF,Colorado,23,1992,1,0,1,0.0,0,0,0,0,0,0,0,0.00,0.00,0.00,0.00,0.00,Matches
210,Mike Grella\Mike-Grella,us USA,MF,NY Red Bulls,29,1987,32,28,2401,26.7,7,5,7,0,0,7,0,0.26,0.19,0.45,0.26,0.45,Matches
211,Carlos Gruezo\Carlos-Gruezo,ec ECU,MF,FC Dallas,20,1995,27,26,2232,24.8,0,2,0,0,0,9,0,0.00,0.08,0.08,0.00,0.08,Matches
212,Aaron Guillen\Aaron-Guillen,us USA,DF,FC Dallas,22,1993,2,1,107,1.2,0,0,0,0,0,0,0,0.00,0.00,0.00,0.00,0.00,Matches
213,Nick Hagglund\Nick-Hagglund,us USA,DF,Toronto FC,23,1992,16,8,854,9.5,0,1,0,0,0,0,0,0.00,0.11,0.11,0.00,0.11,Matches
214,Marlon Hairston\Marlon-Hairston,us USA,MFDF,Colorado,21,1994,21,14,1270,14.1,3,5,3,0,0,2,0,0.21,0.35,0.57,0.21,0.57,Matches
215,Connor Hallisey\Connor-Hallisey,us USA,FW,Sporting KC,22,1993,17,12,1072,11.9,0,1,0,0,0,0,0,0.00,0.08,0.08,0.00,0.08,Matches
216,Bill Hamid\Bill-Hamid,us USA,GK,D.C. United,25,1990,20,20,1800,20.0,0,0,0,0,0,0,0,0.00,0.00,0.00,0.00,0.00,Matches
217,Jordan Hamilton\Jordan-Hamilton,ca CAN,FW,Toronto FC,19,1996,14,11,908,10.1,3,1,3,0,0,0,0,0.30,0.10,0.40,0.30,0.40,Matches
218,Michael Harrington\Michael-Harrington,us USA,DFMF,Chicago,30,1986,19,16,1289,14.3,0,1,0,0,0,0,1,0.00,0.07,0.07,0.00,0.07,Matches
219,Atiba Harris\Atiba-Harris,kn SKN,DF,FC Dallas,31,1985,28,22,1973,21.9,1,2,1,0,0,6,0,0.05,0.09,0.14,0.05,0.14,Matches
220,Jack Harrison\Jack-Harrison,eng ENG,FW,NYCFC,19,1996,21,17,1571,17.5,4,6,4,0,0,0,0,0.23,0.34,0.57,0.23,0.57,Matches
221,Jordan Harvey\Jordan-Harvey,us USA,DF,Vancouver,32,1984,28,28,2520,28.0,2,0,2,0,0,2,0,0.07,0.00,0.07,0.07,0.07,Matches
222,Harrison Heath\Harrison-Heath,us USA,MF,Orlando City,19,1996,3,3,222,2.5,0,0,0,0,0,1,0,0.00,0.00,0.00,0.00,0.00,Matches
223,Matt Hedges\Matt-Hedges,us USA,DF,FC Dallas,25,1990,26,26,2333,25.9,1,0,1,0,0,5,0,0.04,0.00,0.04,0.04,0.04,Matches
224,Fabian Herbers\Fabian-Herbers,de GER,MFFW,Philadelphia,22,1993,32,13,1294,14.4,3,6,3,0,0,3,0,0.21,0.42,0.63,0.21,0.63,Matches
225,Zachary Herivaux\Zachary-Herivaux,ht HAI,MF,New England,19,1996,5,0,41,0.5,0,0,0,0,0,0,0,0.00,0.00,0.00,0.00,0.00,Matches
226,Jason Hernandez\Jason-Hernandez,pr PUR,DF,NYCFC,32,1983,31,26,2293,25.5,0,0,0,0,0,2,2,0.00,0.00,0.00,0.00,0.00,Matches
227,Federico Higuaín\Federico-Higuain,ar ARG,MF,Columbus,31,1984,20,18,1602,17.8,4,2,3,1,1,0,0,0.22,0.11,0.34,0.17,0.28,Matches
228,Cristian Higuita\Cristian-Higuita,co COL,MF,Orlando City,22,1994,21,16,1516,16.8,1,1,1,0,0,9,1,0.06,0.06,0.12,0.06,0.12,Matches
229,Seb Hines\Seb-Hines,eng ENG,DF,Orlando City,27,1988,26,23,2105,23.4,3,0,3,0,0,7,0,0.13,0.00,0.13,0.13,0.13,Matches
230,Femi Hollinger-Janzen\Femi-Hollinger-Janzen,bj BEN,FW,New England,22,1993,19,1,289,3.2,2,1,2,0,0,0,0,0.62,0.31,0.93,0.62,0.93,Matches
231,Ryan Hollingshead\Ryan-Hollingshead,us USA,DFMF,FC Dallas,24,1991,29,22,2025,22.5,2,0,2,0,0,3,0,0.09,0.00,0.09,0.09,0.09,Matches
232,Omar Holness\Omar-Holness,jm JAM,MF,Real Salt Lake,21,1994,9,3,282,3.1,0,0,0,0,0,1,0,0.00,0.00,0.00,0.00,0.00,Matches
233,David Horst\David-Horst,us USA,DF,Houston,30,1985,26,24,2212,24.6,3,0,3,0,0,4,0,0.12,0.00,0.12,0.12,0.12,Matches
234,Tim Howard\Tim-Howard,us USA,GK,Colorado,36,1979,17,17,1530,17.0,0,0,0,0,0,1,0,0.00,0.00,0.00,0.00,0.00,Matches
235,Erik Hurtado\Erik-Hurtado,us USA,FW,Vancouver,25,1990,24,12,1237,13.7,2,1,2,0,0,2,0,0.15,0.07,0.22,0.15,0.22,Matches
236,Baggio Husidić\Baggio-Husidic,ba BIH,MF,LA Galaxy,28,1987,29,16,1563,17.4,2,2,2,0,0,2,0,0.12,0.12,0.23,0.12,0.23,Matches
237,Kennedy Igboananike\Kennedy-Igboananike,ng NGA,FWMF,Chicago,26,1989,18,18,1512,16.8,4,1,4,0,0,2,0,0.24,0.06,0.30,0.24,0.30,Matches
238,Kennedy Igboananike\Kennedy-Igboananike,ng NGA,MFFW,D.C. United,26,1989,7,2,240,2.7,1,0,1,0,0,1,0,0.37,0.00,0.37,0.37,0.37,Matches
239,Ilsinho\Ilsinho,br BRA,MF,Philadelphia,30,1985,25,14,1285,14.3,2,2,1,1,2,2,1,0.14,0.14,0.28,0.07,0.21,Matches
240,Andrés Imperiale\Andres-Imperiale,ar ARG,DF,San Jose,29,1986,11,10,867,9.6,0,0,0,0,0,2,0,0.00,0.00,0.00,0.00,0.00,Matches
241,Andoni Iraola\Andoni-Iraola,es ESP,MFDF,NYCFC,33,1982,29,25,2180,24.2,0,1,0,0,0,3,0,0.00,0.04,0.04,0.00,0.04,Matches
242,Clint Irwin\Clint-Irwin,us USA,GK,Toronto FC,26,1989,19,19,1689,18.8,0,0,0,0,0,1,0,0.00,0.00,0.00,0.00,0.00,Matches
243,Andreas Ivanschitz\Andreas-Ivanschitz,at AUT,MFFW,Seattle,32,1983,28,25,1895,21.1,3,7,3,0,0,5,0,0.14,0.33,0.47,0.14,0.47,Matches
244,R. J. Allen\R-J-Allen,us USA,DF,NYCFC,25,1990,24,19,1749,19.4,1,6,1,0,0,6,0,0.05,0.31,0.36,0.05,0.36,Matches
245,Anthony Jackson-Hamel\Anthony-Jackson-Hamel,ca CAN,FW,Montreal,22,1993,7,1,176,2.0,1,0,1,0,0,0,0,0.51,0.00,0.51,0.51,0.51,Matches
246,Andrew Jacobson\Andrew-Jacobson,us USA,MFDF,Vancouver,30,1985,26,18,1755,19.5,2,0,2,0,0,4,0,0.10,0.00,0.10,0.10,0.10,Matches
247,Adam Jahn\Adam-Jahn,us USA,FW,Columbus,25,1991,12,4,466,5.2,5,0,5,0,0,0,0,0.97,0.00,0.97,0.97,0.97,Matches
248,Adam Jahn\Adam-Jahn,us USA,FW,San Jose,25,1991,10,0,105,1.2,1,0,1,0,0,0,0,0.86,0.00,0.86,0.86,0.86,Matches
249,Bradford Jamieson IV\Bradford-Jamieson-IV,us USA,FWMF,LA Galaxy,19,1996,3,0,41,0.5,0,0,0,0,0,0,0,0.00,0.00,0.00,0.00,0.00,Matches
250,Agustin Jara\Agustin-Jara,ar ARG,DF,FC Dallas,23,1992,3,0,15,0.2,0,0,0,0,0,0,0,0.00,0.00,0.00,0.00,0.00,Matches
251,Jared Jeffrey\Jared-Jeffrey,us USA,MF,D.C. United,25,1990,21,14,1317,14.6,2,0,2,0,0,5,0,0.14,0.00,0.14,0.14,0.14,Matches
252,Jack Jewsbury\Jack-Jewsbury,us USA,MF,Portland,34,1981,23,17,1504,16.7,1,2,1,0,0,4,0,0.06,0.12,0.18,0.06,0.18,Matches
253,Hector Jiménez\Hector-Jimenez,us USA,DFMF,Columbus,27,1988,25,14,1243,13.8,0,1,0,0,0,0,0,0.00,0.07,0.07,0.00,0.07,Matches
254,Eirik Johansen\Eirik-Johansen,no NOR,GK,NYCFC,23,1992,1,1,90,1.0,0,0,0,0,0,0,0,0.00,0.00,0.00,0.00,0.00,Matches
255,Sean Johnson\Sean-Johnson,us USA,GK,Chicago,26,1989,22,22,1980,22.0,0,0,0,0,0,0,0,0.00,0.00,0.00,0.00,0.00,Matches
256,Will Johnson\Will-Johnson,ca CAN,MF,Toronto FC,29,1987,23,19,1661,18.5,2,3,2,0,1,4,0,0.11,0.16,0.27,0.11,0.27,Matches
257,Darwin Jones\Darwin-Jones,us USA,FWMF,Seattle,23,1992,2,0,24,0.3,0,0,0,0,0,0,0,0.00,0.00,0.00,0.00,0.00,Matches
258,Jermaine Jones\Jermaine-Jones,us USA,MF,Colorado,34,1981,9,8,723,8.0,3,1,3,0,0,4,0,0.37,0.12,0.50,0.37,0.50,Matches
259,Joevin Jones\Joevin-Jones,tt TRI,DF,Seattle,24,1991,33,29,2545,28.3,2,3,2,0,0,6,0,0.07,0.11,0.18,0.07,0.18,Matches
260,Matt Jones\Matt-Jones,eng ENG,GK,Philadelphia,29,1986,1,1,90,1.0,0,0,0,0,0,0,0,0.00,0.00,0.00,0.00,0.00,Matches
261,Marcel de Jong\Marcel-de-Jong,ca CAN,DF,Vancouver,29,1986,7,5,468,5.2,0,0,0,0,0,1,0,0.00,0.00,0.00,0.00,0.00,Matches
262,Nigel de Jong\Nigel-de-Jong,nl NED,MF,LA Galaxy,31,1984,18,18,1557,17.3,0,0,0,0,0,3,1,0.00,0.00,0.00,0.00,0.00,Matches
263,Pa-Modou Kah\Pa-Modou-Kah,no NOR,DF,Vancouver,35,1980,5,4,396,4.4,0,0,0,0,0,3,0,0.00,0.00,0.00,0.00,0.00,Matches
264,Kaká\Kaka,br BRA,MF,Orlando City,33,1982,24,23,1951,21.7,9,11,5,4,5,2,0,0.42,0.51,0.92,0.23,0.74,Matches
265,Alhaji Kamara\Alhaji-Kamara,sl SLE,FW,D.C. United,21,1994,8,2,177,2.0,1,0,1,0,0,0,0,0.51,0.00,0.51,0.51,0.51,Matches
266,Kei Kamara\Kei-Kamara,sl SLE,FW,New England,31,1984,21,21,1867,20.7,7,2,7,0,0,5,0,0.34,0.10,0.43,0.34,0.43,Matches
267,Kei Kamara\Kei-Kamara,sl SLE,FW,Columbus,31,1984,9,9,789,8.8,5,0,4,1,1,0,0,0.57,0.00,0.57,0.46,0.46,Matches
268,Ola Kamara\Ola-Kamara,no NOR,FW,Columbus,26,1989,25,20,1863,20.7,16,2,14,2,3,0,0,0.77,0.10,0.87,0.68,0.77,Matches
269,Alec Kann\Alec-Kann,us USA,GK,Sporting KC,25,1990,7,7,630,7.0,0,0,0,0,0,0,0,0.00,0.00,0.00,0.00,0.00,Matches
270,Johan Kappelhof\Johan-Kappelhof,nl NED,DF,Chicago,25,1990,33,31,2790,31.0,0,0,0,0,0,3,0,0.00,0.00,0.00,0.00,0.00,Matches
271,Phanuel Kavita\Phanuel-Kavita,us USA,DF,Real Salt Lake,22,1993,1,1,90,1.0,0,0,0,0,0,0,0,0.00,0.00,0.00,0.00,0.00,Matches
272,Robbie Keane\Robbie-Keane,ie IRL,FW,LA Galaxy,35,1980,17,16,1425,15.8,10,1,7,3,4,1,0,0.63,0.06,0.69,0.44,0.51,Matches
273,Taylor Kemp\Taylor-Kemp,us USA,DF,D.C. United,25,1990,31,30,2745,30.5,1,4,1,0,0,2,0,0.03,0.13,0.16,0.03,0.16,Matches
274,Dan Kennedy\Dan-Kennedy,us USA,GK,LA Galaxy,33,1982,3,2,115,1.3,0,0,0,0,0,1,0,0.00,0.00,0.00,0.00,0.00,Matches
275,Sacha Kljestan\Sacha-Kljestan,us USA,MF,NY Red Bulls,30,1985,32,30,2615,29.1,6,16,5,1,1,3,0,0.21,0.55,0.76,0.17,0.72,Matches
276,Chris Klute\Chris-Klute,us USA,DF,Portland,25,1990,8,8,707,7.9,0,0,0,0,0,1,0,0.00,0.00,0.00,0.00,0.00,Matches
277,Brad Knighton\Brad-Knighton,us USA,GK,New England,30,1985,13,13,1153,12.8,0,0,0,0,0,2,1,0.00,0.00,0.00,0.00,0.00,Matches
278,Daigo Kobayashi\Daigo-Kobayashi,jp JPN,MFDF,New England,32,1983,27,6,714,7.9,1,0,1,0,0,0,0,0.13,0.00,0.13,0.13,0.13,Matches
279,Gershon Koffie\Gershon-Koffie,gh GHA,MFDF,New England,24,1991,22,19,1540,17.1,0,3,0,0,0,8,1,0.00,0.18,0.18,0.00,0.18,Matches
280,Aaron Kovar\Aaron-Kovar,us USA,FWMF,Seattle,22,1993,16,10,806,9.0,1,0,1,0,0,1,0,0.11,0.00,0.11,0.11,0.11,Matches
281,Eric Kronberg\Eric-Kronberg,us USA,GK,Montreal,32,1983,2,1,129,1.4,0,0,0,0,0,0,0,0.00,0.00,0.00,0.00,0.00,Matches
282,Masato Kudo\Masato-Kudo,jp JPN,FW,Vancouver,25,1990,17,12,888,9.9,2,1,2,0,0,0,0,0.20,0.10,0.30,0.20,0.30,Matches
283,Matías Laba\Matias-Laba,ar ARG,MF,Vancouver,24,1991,32,32,2723,30.3,0,0,0,0,0,5,1,0.00,0.00,0.00,0.00,0.00,Matches
284,Nick LaBrocca\Nick-LaBrocca,us USA,MF,Chicago,31,1984,12,5,520,5.8,0,1,0,0,0,3,0,0.00,0.17,0.17,0.00,0.17,Matches
285,Connor Lade\Connor-Lade,us USA,DF,NY Red Bulls,26,1989,18,15,1382,15.4,1,1,1,0,0,4,0,0.07,0.07,0.13,0.07,0.13,Matches
286,Frank Lampard\Frank-Lampard,eng ENG,MF,NYCFC,37,1978,19,15,1277,14.2,12,2,11,1,1,3,0,0.85,0.14,0.99,0.78,0.92,Matches
287,Matt Lampson\Matt-Lampson,us USA,GK,Chicago,26,1989,11,11,990,11.0,0,0,0,0,0,0,0,0.00,0.00,0.00,0.00,0.00,Matches
288,Jeff Larentowicz\Jeff-Larentowicz,us USA,MF,LA Galaxy,32,1983,23,17,1502,16.7,1,0,1,0,0,4,0,0.06,0.00,0.06,0.06,0.06,Matches
289,Cyle Larin\Cyle-Larin,ca CAN,FW,Orlando City,20,1995,32,29,2448,27.2,14,3,14,0,0,0,0,0.51,0.11,0.62,0.51,0.62,Matches
290,Adam Larsen Kwarasey\Adam-Larsen-Kwarasey,gh GHA,GK,Portland,28,1987,7,6,581,6.5,0,0,0,0,0,0,0,0.00,0.00,0.00,0.00,0.00,Matches
291,Emil Larsen\Emil-Larsen,dk DEN,MF,Columbus,24,1991,3,0,34,0.4,0,0,0,0,0,0,0,0.00,0.00,0.00,0.00,0.00,Matches
292,Ariel Lassiter\Ariel-Lassiter,cr CRC,FW,LA Galaxy,21,1994,3,2,131,1.5,0,0,0,0,0,0,0,0.00,0.00,0.00,0.00,0.00,Matches
293,Kemar Lawrence\Kemar-Lawrence,jm JAM,DF,NY Red Bulls,23,1992,21,21,1799,20.0,0,0,0,0,0,3,0,0.00,0.00,0.00,0.00,0.00,Matches
294,Sébastien Le Toux\Sebastien-Le-Toux,fr FRA,MF,Philadelphia,32,1984,21,13,1208,13.4,2,3,2,0,1,2,0,0.15,0.22,0.37,0.15,0.37,Matches
295,Sébastien Le Toux\Sebastien-Le-Toux,fr FRA,MF,Colorado,32,1984,11,8,650,7.2,1,2,1,0,0,1,0,0.14,0.28,0.42,0.14,0.42,Matches
296,Michael de Leeuw\Michael-de-Leeuw,nl NED,FWMF,Chicago,29,1986,18,17,1459,16.2,7,2,7,0,0,2,0,0.43,0.12,0.56,0.43,0.56,Matches
297,Wandrille Lefèvre\Wandrille-Lefevre,ca CAN,DF,Montreal,26,1989,13,12,1113,12.4,0,0,0,0,0,1,0,0.00,0.00,0.00,0.00,0.00,Matches
298,Leonardo\Leonardo,br BRA,DF,LA Galaxy,27,1988,4,4,360,4.0,0,0,0,0,0,0,0,0.00,0.00,0.00,0.00,0.00,Matches
299,Carlos Lizarazo\Carlos-Lizarazo,co COL,MF,FC Dallas,24,1991,8,2,166,1.8,0,0,0,0,0,0,0,0.00,0.00,0.00,0.00,0.00,Matches
300,Sebastian Lletget\Sebastian-Lletget,us USA,MF,LA Galaxy,23,1992,31,23,2053,22.8,1,4,1,0,0,1,0,0.04,0.18,0.22,0.04,0.22,Matches
301,Nicolás Lodeiro\Nicolas-Lodeiro,uy URU,MF,Seattle,26,1989,13,13,1170,13.0,4,6,4,0,0,4,0,0.31,0.46,0.77,0.31,0.77,Matches
302,Mikey Lopez\Mikey-Lopez,us USA,MF,NYCFC,22,1993,15,6,680,7.6,0,1,0,0,0,6,0,0.00,0.13,0.13,0.00,0.13,Matches
303,Rob Lovejoy\Rob-Lovejoy,us USA,FW,Houston,24,1991,2,0,16,0.2,0,0,0,0,0,0,0,0.00,0.00,0.00,0.00,0.00,Matches
304,Daniel Lovitz\Daniel-Lovitz,us USA,FWMF,Toronto FC,24,1991,12,5,408,4.5,0,0,0,0,0,1,0,0.00,0.00,0.00,0.00,0.00,Matches
305,Zach Loyd\Zach-Loyd,us USA,DF,FC Dallas,28,1987,12,10,921,10.2,0,0,0,0,0,1,0,0.00,0.00,0.00,0.00,0.00,Matches
306,Cedrick Mabwati\Cedrick-Mabwati,cd COD,MF,Columbus,23,1992,17,6,598,6.6,1,0,1,0,0,0,0,0.15,0.00,0.15,0.15,0.15,Matches
307,Zac MacMath\Zac-MacMath,us USA,GK,Colorado,24,1991,19,19,1530,17.0,0,0,0,0,0,3,0,0.00,0.00,0.00,0.00,0.00,Matches
308,Mike Magee\Mike-Magee,us USA,MFFW,LA Galaxy,31,1984,30,16,1469,16.3,6,2,6,0,0,1,0,0.37,0.12,0.49,0.37,0.49,Matches
309,Cristian Maidana\Cristian-Maidana,ar ARG,MF,Houston,29,1987,30,21,1688,18.8,3,3,3,0,0,1,0,0.16,0.16,0.32,0.16,0.32,Matches
310,Calum Mallace\Calum-Mallace,sco SCO,MF,Montreal,26,1990,18,10,866,9.6,0,0,0,0,0,3,1,0.00,0.00,0.00,0.00,0.00,Matches
311,Matteo Mancosu\Matteo-Mancosu,it ITA,FW,Montreal,31,1984,15,7,776,8.6,3,4,3,0,0,1,0,0.35,0.46,0.81,0.35,0.81,Matches
312,Kekuta Manneh\Kekuta-Manneh,us USA,MF,Vancouver,21,1994,17,13,1135,12.6,5,2,5,0,0,1,0,0.40,0.16,0.56,0.40,0.56,Matches
313,Mauro Manotas\Mauro-Manotas,co COL,FW,Houston,20,1995,22,10,1060,11.8,6,1,5,1,1,0,0,0.51,0.08,0.59,0.42,0.51,Matches
314,Abdoulie Mansally\Abdoulie-Mansally,gm GAM,DF,Houston,27,1989,9,5,570,6.3,0,0,0,0,0,1,1,0.00,0.00,0.00,0.00,0.00,Matches
315,Juan Manuel Martínez\Juan-Manuel-Martinez,ar ARG,FW,Real Salt Lake,30,1985,32,29,2512,27.9,7,2,7,0,0,1,0,0.25,0.07,0.32,0.25,0.32,Matches
316,Justin Mapp\Justin-Mapp,us USA,MF,Sporting KC,31,1984,6,0,48,0.5,0,0,0,0,0,0,0,0.00,0.00,0.00,0.00,0.00,Matches
317,Richie Marquez\Richie-Marquez,us USA,DF,Philadelphia,23,1992,33,33,2970,33.0,2,0,2,0,0,4,0,0.06,0.00,0.06,0.06,0.06,Matches
318,Chad Marshall\Chad-Marshall,us USA,DF,Seattle,31,1984,30,30,2632,29.2,4,0,4,0,0,2,0,0.14,0.00,0.14,0.14,0.14,Matches
319,Collin Martin\Collin-Martin,us USA,MF,D.C. United,21,1994,2,1,91,1.0,0,0,0,0,0,0,0,0.00,0.00,0.00,0.00,0.00,Matches
320,Cristian Martínez\Cristian-Martinez,pa PAN,MF,Columbus,18,1997,5,2,198,2.2,1,0,1,0,0,1,0,0.45,0.00,0.45,0.45,0.45,Matches
321,Diego Martínez\Diego-Martinez,ar ARG,DF,NYCFC,24,1992,4,2,263,2.9,0,0,0,0,0,1,0,0.00,0.00,0.00,0.00,0.00,Matches
322,Rónald Matarrita\Ronald-Matarrita,cr CRC,DF,NYCFC,21,1994,25,23,1987,22.1,1,2,1,0,0,3,0,0.05,0.09,0.14,0.05,0.14,Matches
323,David Mateos\David-Mateos,es ESP,DF,Orlando City,28,1987,21,20,1759,19.5,0,0,0,0,0,8,1,0.00,0.00,0.00,0.00,0.00,Matches
324,Darren Mattocks\Darren-Mattocks,jm JAM,MFFW,Portland,25,1990,19,12,936,10.4,1,2,1,0,0,0,0,0.10,0.19,0.29,0.10,0.29,Matches
325,Aaron Maund\Aaron-Maund,tt TRI,DF,Real Salt Lake,25,1990,20,20,1745,19.4,0,0,0,0,0,4,0,0.00,0.00,0.00,0.00,0.00,Matches
326,Jack McBean\Jack-McBean,us USA,FW,LA Galaxy,21,1994,2,1,100,1.1,0,0,0,0,0,0,0,0.00,0.00,0.00,0.00,0.00,Matches
327,John McCarthy\John-McCarthy,us USA,GK,Philadelphia,23,1992,1,1,90,1.0,0,0,0,0,0,0,0,0.00,0.00,0.00,0.00,0.00,Matches
328,Dax McCarty\Dax-McCarty,us USA,MF,NY Red Bulls,28,1987,27,26,2264,25.2,3,4,3,0,0,3,0,0.12,0.16,0.28,0.12,0.28,Matches
329,Jack McInerney\Jack-McInerney,us USA,FWMF,Portland,23,1992,24,8,912,10.1,5,0,5,0,0,1,0,0.49,0.00,0.49,0.49,0.49,Matches
330,Patrick McLain\Patrick-McLain,us USA,GK,Chicago,27,1988,1,1,90,1.0,0,0,0,0,0,0,0,0.00,0.00,0.00,0.00,0.00,Matches
331,Thomas McNamara\Thomas-McNamara,us USA,FWMF,NYCFC,24,1991,30,28,2211,24.6,5,9,5,0,0,5,0,0.20,0.37,0.57,0.20,0.57,Matches
332,Tyrone Mears\Tyrone-Mears,jm JAM,DF,Seattle,32,1983,32,32,2835,31.5,0,1,0,0,0,3,0,0.00,0.03,0.03,0.00,0.03,Matches
333,Jimmy Medranda\Jimmy-Medranda,co COL,DFFW,Sporting KC,21,1994,28,22,1937,21.5,1,1,1,0,0,7,2,0.05,0.05,0.09,0.05,0.09,Matches
334,João Meira\Joao-Meira,pt POR,DFMF,Chicago,28,1987,28,26,2282,25.4,0,1,0,0,0,6,0,0.00,0.04,0.04,0.00,0.04,Matches
335,Lucas Melano\Lucas-Melano,ar ARG,MFFW,Portland,22,1993,31,27,2259,25.1,3,5,3,0,0,1,0,0.12,0.20,0.32,0.12,0.32,Matches
336,Tim Melia\Tim-Melia,us USA,GK,Sporting KC,29,1986,27,27,2430,27.0,0,0,0,0,0,3,0,0.00,0.00,0.00,0.00,0.00,Matches
337,Jefferson Mena\Jefferson-Mena,co COL,DF,NYCFC,26,1989,16,16,1304,14.5,1,0,1,0,0,1,0,0.07,0.00,0.07,0.07,0.07,Matches
338,Raúl Mendiola\Raul-Mendiola,us USA,MF,LA Galaxy,21,1994,6,5,371,4.1,0,0,0,0,0,1,0,0.00,0.00,0.00,0.00,0.00,Matches
339,Stiven Mendoza\Stiven-Mendoza,co COL,FW,NYCFC,23,1992,24,10,1146,12.7,5,1,5,0,0,1,0,0.39,0.08,0.47,0.39,0.47,Matches
340,Justin Meram\Justin-Meram,iq IRQ,MF,Columbus,27,1988,33,31,2591,28.8,5,10,4,1,1,3,0,0.17,0.35,0.52,0.14,0.49,Matches
341,Nicolás Mezquida\Nicolas-Mezquida,uy URU,MFFW,Vancouver,24,1992,28,17,1392,15.5,4,1,4,0,0,1,0,0.26,0.06,0.32,0.26,0.32,Matches
342,Eric Miller\Eric-Miller,us USA,DF,Colorado,23,1993,26,23,2118,23.5,0,0,0,0,0,3,1,0.00,0.00,0.00,0.00,0.00,Matches
343,Tyler Miller\Tyler-Miller,us USA,GK,Seattle,22,1993,1,1,90,1.0,0,0,0,0,0,0,0,0.00,0.00,0.00,0.00,0.00,Matches
344,Leonel Miranda\Leonel-Miranda,ar ARG,MF,Houston,22,1994,12,3,492,5.5,1,1,1,0,0,0,0,0.18,0.18,0.37,0.18,0.37,Matches
345,Luke Mishu\Luke-Mishu,us USA,DF,D.C. United,24,1991,7,5,449,5.0,0,0,0,0,0,0,0,0.00,0.00,0.00,0.00,0.00,Matches
346,Kevin Molino\Kevin-Molino,tt TRI,MFFW,Orlando City,25,1990,30,26,2314,25.7,11,8,10,1,1,1,0,0.43,0.31,0.74,0.39,0.70,Matches
347,Drew Moor\Drew-Moor,us USA,DF,Toronto FC,32,1984,32,32,2880,32.0,3,0,3,0,0,3,0,0.09,0.00,0.09,0.09,0.09,Matches
348,Javier Morales\Javier-Morales,ar ARG,MF,Real Salt Lake,36,1980,29,23,2227,24.7,4,3,2,2,3,4,0,0.16,0.12,0.28,0.08,0.20,Matches
349,Pedro Morales\Pedro-Morales,cl CHI,MF,Vancouver,30,1985,27,26,2065,22.9,9,4,3,6,6,4,2,0.39,0.17,0.57,0.13,0.31,Matches
350,Ashtone Morgan\Ashtone-Morgan,ca CAN,DF,Toronto FC,24,1991,7,0,163,1.8,0,0,0,0,0,2,0,0.00,0.00,0.00,0.00,0.00,Matches
351,Alex Morrell\Alex-Morrell,us USA,MF,Chicago,21,1994,4,0,55,0.6,0,0,0,0,0,0,0,0.00,0.00,0.00,0.00,0.00,Matches
352,Jordan Morris\Jordan-Morris,us USA,FWMF,Seattle,21,1994,34,32,2850,31.7,12,3,12,0,0,0,0,0.38,0.09,0.47,0.38,0.47,Matches
353,Justin Morrow\Justin-Morrow,us USA,DFMF,Toronto FC,28,1987,31,31,2648,29.4,5,3,5,0,0,5,0,0.17,0.10,0.27,0.17,0.27,Matches
354,Yura Movsisyan\Yura-Movsisyan,am ARM,FW,Real Salt Lake,28,1987,29,25,2157,24.0,9,3,7,2,3,3,0,0.38,0.13,0.50,0.29,0.42,Matches
355,Luke Mulholland\Luke-Mulholland,eng ENG,MF,Real Salt Lake,27,1988,33,23,2023,22.5,4,2,4,0,0,7,0,0.18,0.09,0.27,0.18,0.27,Matches
356,Patrick Mullins\Patrick-Mullins,us USA,FW,D.C. United,23,1992,14,12,1043,11.6,8,2,8,0,0,1,0,0.69,0.17,0.86,0.69,0.86,Matches
357,Patrick Mullins\Patrick-Mullins,us USA,FW,NYCFC,23,1992,7,2,234,2.6,0,1,0,0,0,2,0,0.00,0.38,0.38,0.00,0.38,Matches
358,Soni Mustivar\Soni-Mustivar,ht HAI,MF,Sporting KC,25,1990,25,24,2093,23.3,0,0,0,0,0,3,1,0.00,0.00,0.00,0.00,0.00,Matches
359,Alex Muyl\Alex-Muyl,us USA,MF,NY Red Bulls,20,1995,27,18,1599,17.8,2,3,2,0,0,5,0,0.11,0.17,0.28,0.11,0.28,Matches
360,Chance Myers\Chance-Myers,us USA,DF,Sporting KC,28,1987,11,6,560,6.2,0,1,0,0,0,0,0,0.00,0.16,0.16,0.00,0.16,Matches
361,Paulo Nagamura\Paulo-Nagamura,br BRA,MF,Sporting KC,32,1983,9,6,526,5.8,0,1,0,0,0,2,0,0.00,0.17,0.17,0.00,0.17,Matches
362,Darlington Nagbe\Darlington-Nagbe,us USA,MF,Portland,25,1990,27,27,2415,26.8,1,5,1,0,0,1,0,0.04,0.19,0.22,0.04,0.22,Matches
363,Lamar Neagle\Lamar-Neagle,us USA,MFFW,D.C. United,28,1987,31,21,1950,21.7,9,5,7,2,2,2,0,0.42,0.23,0.65,0.32,0.55,Matches
364,Steve Neumann\Steve-Neumann,us USA,DF,New England,24,1991,4,1,64,0.7,0,0,0,0,0,0,0,0.00,0.00,0.00,0.00,0.00,Matches
365,Lee Nguyen\Lee-Nguyen,us USA,MF,New England,29,1986,33,33,2894,32.2,6,4,3,3,4,2,0,0.19,0.12,0.31,0.09,0.22,Matches
366,Antonio Nocerino\Antonio-Nocerino,it ITA,MF,Orlando City,30,1985,21,19,1504,16.7,0,0,0,0,0,3,1,0.00,0.00,0.00,0.00,0.00,Matches
367,Vincent Nogueira\Vincent-Nogueira,fr FRA,MF,Philadelphia,28,1988,8,8,682,7.6,2,0,2,0,0,1,0,0.26,0.00,0.26,0.26,0.26,Matches
368,Patrick Nyarko\Patrick-Nyarko,gh GHA,MF,D.C. United,30,1986,26,23,1819,20.2,4,5,4,0,0,2,0,0.20,0.25,0.45,0.20,0.45,Matches
369,Nicolai Næss\Nicolai-Naess,no NOR,DFMF,Columbus,23,1993,13,13,1156,12.8,0,0,0,0,0,0,0,0.00,0.00,0.00,0.00,0.00,Matches
370,Dominic Oduro\Dominic-Oduro,gh GHA,FWMF,Montreal,30,1985,31,22,2028,22.5,6,6,6,0,0,1,0,0.27,0.27,0.53,0.27,0.53,Matches
371,Amobi Okugo\Amobi-Okugo,us USA,DF,Portland,24,1991,4,2,227,2.5,0,0,0,0,0,0,0,0.00,0.00,0.00,0.00,0.00,Matches
372,Boyd Okwuonu\Boyd-Okwuonu,us USA,DF,Real Salt Lake,22,1993,2,1,93,1.0,0,0,0,0,0,0,0,0.00,0.00,0.00,0.00,0.00,Matches
373,Jámison Olave\Jamison-Olave,co COL,DF,Real Salt Lake,34,1981,17,16,1482,16.5,2,0,2,0,0,2,1,0.12,0.00,0.12,0.12,0.12,Matches
374,Lawrence Olum\Lawrence-Olum,ke KEN,DFMF,Sporting KC,31,1984,19,17,1468,16.3,2,1,2,0,0,3,0,0.12,0.06,0.18,0.12,0.18,Matches
375,Lucas Ontivero\Lucas-Ontivero,ar ARG,MF,Montreal,21,1994,21,12,975,10.8,2,2,2,0,0,4,0,0.18,0.18,0.37,0.18,0.37,Matches
376,Ike Opara\Ike-Opara,us USA,DF,Sporting KC,26,1989,25,16,1547,17.2,1,2,1,0,0,4,2,0.06,0.12,0.17,0.06,0.17,Matches
377,Kofi Opare\Kofi-Opare,ca CAN,DF,D.C. United,25,1990,10,10,874,9.7,0,0,0,0,0,2,3,0.00,0.00,0.00,0.00,0.00,Matches
378,Jonathan Osorio\Jonathan-Osorio,ca CAN,MFFW,Toronto FC,23,1992,30,26,2437,27.1,2,2,2,0,0,2,0,0.07,0.07,0.15,0.07,0.15,Matches
379,Karl Ouimette\Karl-Ouimette,ca CAN,DF,NY Red Bulls,23,1992,7,6,582,6.5,0,0,0,0,0,0,0,0.00,0.00,0.00,0.00,0.00,Matches
380,David Ousted\David-Ousted,dk DEN,GK,Vancouver,30,1985,33,33,2970,33.0,0,0,0,0,0,0,0,0.00,0.00,0.00,0.00,0.00,Matches
381,Ambroise Oyongo\Ambroise-Oyongo,cm CMR,DF,Montreal,24,1991,27,26,2317,25.7,0,5,0,0,0,4,1,0.00,0.19,0.19,0.00,0.19,Matches
382,Marco Pappa\Marco-Pappa,gt GUA,MF,Colorado,28,1987,20,10,896,10.0,2,3,2,0,0,2,0,0.20,0.30,0.50,0.20,0.50,Matches
383,Tim Parker\Tim-Parker,us USA,DF,Vancouver,22,1993,29,28,2552,28.4,0,0,0,0,0,1,0,0.00,0.00,0.00,0.00,0.00,Matches
384,Michael Parkhurst\Michael-Parkhurst,us USA,DF,Columbus,32,1984,34,34,3034,33.7,0,2,0,0,0,2,1,0.00,0.06,0.06,0.00,0.06,Matches
385,Taylor Peay\Taylor-Peay,us USA,DF,Portland,24,1991,2,1,110,1.2,0,0,0,0,0,0,0,0.00,0.00,0.00,0.00,0.00,Matches
386,Blas Pérez\Blas-Perez,pa PAN,MFFW,Vancouver,34,1981,22,5,765,8.5,2,1,2,0,0,5,0,0.24,0.12,0.35,0.24,0.35,Matches
387,Damien Perquis\Damien-Perquis,pl POL,DF,Toronto FC,31,1984,12,11,985,10.9,1,1,1,0,0,3,0,0.09,0.09,0.18,0.09,0.18,Matches
388,Damien Perrinelle\Damien-Perrinelle,fr FRA,DF,NY Red Bulls,32,1983,10,7,728,8.1,0,0,0,0,0,2,0,0.00,0.00,0.00,0.00,0.00,Matches
389,Jacob Peterson\Jacob-Peterson,us USA,FW,Sporting KC,30,1986,21,18,1491,16.6,6,1,6,0,0,0,0,0.36,0.06,0.42,0.36,0.42,Matches
390,Demar Phillips\Demar-Phillips,jm JAM,DF,Real Salt Lake,32,1983,29,23,2183,24.3,0,4,0,0,0,3,2,0.00,0.16,0.16,0.00,0.16,Matches
391,Ignacio Piatti\Ignacio-Piatti,ar ARG,MFFW,Montreal,30,1985,32,31,2818,31.3,17,5,14,3,3,5,0,0.54,0.16,0.70,0.45,0.61,Matches
392,Andrea Pirlo\Andrea-Pirlo,it ITA,MF,NYCFC,36,1979,32,32,2761,30.7,1,6,1,0,0,4,0,0.03,0.20,0.23,0.03,0.23,Matches
393,Timo Pitter\Timo-Pitter,de GER,MF,FC Dallas,23,1992,1,0,10,0.1,0,0,0,0,0,0,0,0.00,0.00,0.00,0.00,0.00,Matches
394,Joao Plata\Joao-Plata,ec ECU,FW,Real Salt Lake,23,1992,30,28,2472,27.5,9,8,7,2,3,4,0,0.33,0.29,0.62,0.25,0.55,Matches
395,Kwadwo Poku\Kwadwo-Poku,gh GHA,MF,NYCFC,23,1992,7,3,268,3.0,1,0,1,0,0,0,0,0.34,0.00,0.34,0.34,0.34,Matches
396,Matt Polster\Matt-Polster,us USA,MF,Chicago,22,1993,27,24,2103,23.4,2,1,2,0,0,5,0,0.09,0.04,0.13,0.09,0.13,Matches
397,Chris Pontius\Chris-Pontius,us USA,MF,Philadelphia,28,1987,33,32,2552,28.4,12,4,12,0,0,2,0,0.42,0.14,0.56,0.42,0.56,Matches
398,Cameron Porter\Cameron-Porter,us USA,FW,Sporting KC,22,1993,2,0,34,0.4,0,0,0,0,0,0,0,0.00,0.00,0.00,0.00,0.00,Matches
399,Alvas Powell\Alvas-Powell,jm JAM,DF,Portland,21,1994,23,23,2011,22.3,0,1,0,0,0,4,0,0.00,0.04,0.04,0.00,0.04,Matches
400,Dillon Powers\Dillon-Powers,us USA,MF,Colorado,24,1991,29,24,2121,23.6,1,4,1,0,0,4,0,0.04,0.17,0.21,0.04,0.21,Matches
401,Alberto Quintero\Alberto-Quintero,pa PAN,MF,San Jose,28,1987,30,29,2211,24.6,3,4,3,0,0,4,1,0.12,0.16,0.28,0.12,0.28,Matches
402,Jordi Quintillà\Jordi-Quintilla,es ESP,MF,Sporting KC,22,1993,6,6,407,4.5,0,1,0,0,0,1,0,0.00,0.22,0.22,0.00,0.22,Matches
403,Rafael Ramos\Rafael-Ramos,pt POR,DF,Orlando City,21,1995,12,12,1013,11.3,0,3,0,0,0,2,0,0.00,0.27,0.27,0.00,0.27,Matches
404,Rodrigo Ramos\Rodrigo-Ramos,br BRA,DFMF,Chicago,20,1995,21,16,1485,16.5,0,2,0,0,0,4,0,0.00,0.12,0.12,0.00,0.12,Matches
405,Tommy Redding\Tommy-Redding,us USA,DF,Orlando City,19,1997,18,16,1346,15.0,0,0,0,0,0,2,0,0.00,0.00,0.00,0.00,0.00,Matches
406,Dylan Remick\Dylan-Remick,us USA,DF,Seattle,24,1991,11,6,538,6.0,0,0,0,0,0,1,0,0.00,0.00,0.00,0.00,0.00,Matches
407,Wálter Restrepo\Walter-Restrepo,co COL,MF,Philadelphia,27,1988,4,0,85,0.9,0,1,0,0,0,0,0,0.00,1.06,1.06,0.00,1.06,Matches
408,Pedro Ribeiro\Pedro-Ribeiro,br BRA,MF,Orlando City,25,1990,3,1,154,1.7,0,0,0,0,0,1,0,0.00,0.00,0.00,0.00,0.00,Matches
409,Tosaint Ricketts\Tosaint-Ricketts,ca CAN,FW,Toronto FC,28,1987,11,4,403,4.5,3,0,3,0,0,1,2,0.67,0.00,0.67,0.67,0.67,Matches
410,Liam Ridgewell\Liam-Ridgewell,eng ENG,DF,Portland,31,1984,22,22,1980,22.0,1,0,1,0,0,6,0,0.05,0.00,0.05,0.05,0.05,Matches
411,Nick Rimando\Nick-Rimando,us USA,GK,Real Salt Lake,36,1979,30,30,2700,30.0,0,0,0,0,0,0,0,0.00,0.00,0.00,0.00,0.00,Matches
412,Carlos Rivas\Carlos-Rivas,co COL,FWMF,Orlando City,21,1994,21,8,804,8.9,3,3,3,0,0,5,0,0.34,0.34,0.67,0.34,0.67,Matches
413,Octavio Rivero\Octavio-Rivero,uy URU,FW,Vancouver,24,1992,12,9,755,8.4,2,0,2,0,0,4,0,0.24,0.00,0.24,0.24,0.24,Matches
414,Jalen Robinson\Jalen-Robinson,us USA,DF,D.C. United,21,1994,4,3,272,3.0,0,0,0,0,0,0,0,0.00,0.00,0.00,0.00,0.00,Matches
415,Luis Robles\Luis-Robles,us USA,GK,NY Red Bulls,31,1984,34,34,3060,34.0,0,0,0,0,0,3,0,0.00,0.00,0.00,0.00,0.00,Matches
416,David Rocha\David-Rocha,es ESP,MF,Houston,30,1985,4,0,60,0.7,0,0,0,0,0,0,0,0.00,0.00,0.00,0.00,0.00,Matches
417,Tony Rocha\Tony-Rocha,bz BLZ,MF,Orlando City,22,1993,8,2,304,3.4,0,0,0,0,0,1,0,0.00,0.00,0.00,0.00,0.00,Matches
418,Raúl Rodríguez\Raul-Rodriguez,es ESP,DF,Houston,28,1987,25,24,2127,23.6,1,0,1,0,0,3,0,0.04,0.00,0.04,0.04,0.04,Matches
419,Robbie Rogers\Robbie-Rogers,us USA,DF,LA Galaxy,28,1987,21,19,1656,18.4,1,2,1,0,0,2,0,0.05,0.11,0.16,0.05,0.16,Matches
420,Cristian Roldan\Cristian-Roldan,us USA,MF,Seattle,20,1995,33,28,2633,29.3,4,2,4,0,0,2,0,0.14,0.07,0.21,0.14,0.21,Matches
421,Chris Rolfe\Chris-Rolfe,us USA,MFFW,D.C. United,33,1983,9,9,634,7.0,0,0,0,0,0,2,0,0.00,0.00,0.00,0.00,0.00,Matches
422,David Romney\David-Romney,us USA,DF,LA Galaxy,22,1993,10,8,731,8.1,0,1,0,0,0,1,0,0.00,0.12,0.12,0.00,0.12,Matches
423,Mauro Rosales\Mauro-Rosales,ar ARG,MF,FC Dallas,34,1981,23,4,558,6.2,2,3,2,0,0,2,0,0.32,0.48,0.81,0.32,0.81,Matches
424,Keegan Rosenberry\Keegan-Rosenberry,us USA,DF,Philadelphia,22,1993,34,34,3060,34.0,2,0,2,0,0,0,0,0.06,0.00,0.06,0.06,0.06,Matches
425,Brian Rowe\Brian-Rowe,us USA,GK,LA Galaxy,27,1988,31,30,2765,30.7,0,0,0,0,0,0,0,0.00,0.00,0.00,0.00,0.00,Matches
426,Kelyn Rowe\Kelyn-Rowe,us USA,MF,New England,24,1991,33,32,2782,30.9,5,6,5,0,0,2,0,0.16,0.19,0.36,0.16,0.36,Matches
427,Daniel Royer\Daniel-Royer,at AUT,MF,NY Red Bulls,25,1990,6,3,275,3.1,1,1,1,0,0,0,0,0.33,0.33,0.65,0.33,0.65,Matches
428,Diego Rubio\Diego-Rubio,cl CHI,FW,Sporting KC,22,1993,15,3,338,3.8,1,0,1,0,0,2,0,0.27,0.00,0.27,0.27,0.27,Matches
429,Carlos Ruíz\Carlos-Ruiz,gt GUA,FW,FC Dallas,36,1979,1,0,14,0.2,1,0,1,0,0,0,0,6.43,0.00,6.43,6.43,6.43,Matches
430,Álvaro Saborío\Alvaro-Saborio,cr CRC,FW,D.C. United,33,1982,19,8,895,9.9,6,1,6,0,0,0,0,0.60,0.10,0.70,0.60,0.70,Matches
431,Mohammed Saeid\Mohammed-Saeid,er ERI,MF,Columbus,25,1990,25,24,2007,22.3,0,5,0,0,0,2,0,0.00,0.22,0.22,0.00,0.22,Matches
432,Michael Salazar\Michael-Salazar,bz BLZ,MFFW,Montreal,23,1992,17,8,712,7.9,2,0,2,0,0,1,0,0.25,0.00,0.25,0.25,0.25,Matches
433,Shea Salinas\Shea-Salinas,us USA,MF,San Jose,29,1986,33,8,1245,13.8,1,5,1,0,0,0,0,0.07,0.36,0.43,0.07,0.43,Matches
434,Lloyd Sam\Lloyd-Sam,gh GHA,MF,D.C. United,31,1984,13,13,960,10.7,3,2,3,0,0,1,0,0.28,0.19,0.47,0.28,0.47,Matches
435,Lloyd Sam\Lloyd-Sam,gh GHA,MF,NY Red Bulls,31,1984,16,13,1048,11.6,1,4,1,0,0,2,0,0.09,0.34,0.43,0.09,0.43,Matches
436,Sambinha\Sambinha,gw GNB,MF,New England,23,1992,2,1,92,1.0,0,0,0,0,0,0,0,0.00,0.00,0.00,0.00,0.00,Matches
437,Devon Sandoval\Devon-Sandoval,us USA,FW,Real Salt Lake,24,1991,12,2,234,2.6,0,0,0,0,0,0,0,0.00,0.00,0.00,0.00,0.00,Matches
438,C.J. Sapong\CJ-Sapong,us USA,FW,Philadelphia,27,1988,31,29,2531,28.1,7,2,6,1,1,1,0,0.25,0.07,0.32,0.21,0.28,Matches
439,Rodrigo Saravia\Rodrigo-Saravia,gt GUA,DF,Columbus,22,1993,10,1,214,2.4,0,0,0,0,0,0,0,0.00,0.00,0.00,0.00,0.00,Matches
440,Kofi Sarkodie\Kofi-Sarkodie,us USA,DF,San Jose,24,1991,13,12,1040,11.6,0,0,0,0,0,0,0,0.00,0.00,0.00,0.00,0.00,Matches
441,Marcelo Sarvas\Marcelo-Sarvas,br BRA,MF,D.C. United,34,1981,28,26,2243,24.9,1,2,0,1,1,11,1,0.04,0.08,0.12,0.00,0.08,Matches
442,Josh Saunders\Josh-Saunders,pr PUR,GK,NYCFC,34,1981,33,33,2970,33.0,0,0,0,0,0,3,0,0.00,0.00,0.00,0.00,0.00,Matches
443,Gastón Sauro\Gaston-Sauro,ar ARG,DF,Columbus,25,1990,13,12,917,10.2,0,0,0,0,0,3,0,0.00,0.00,0.00,0.00,0.00,Matches
444,Chris Schuler\Chris-Schuler,us USA,DF,Real Salt Lake,28,1987,4,3,271,3.0,0,0,0,0,0,0,0,0.00,0.00,0.00,0.00,0.00,Matches
445,Zach Scott\Zach-Scott,us USA,DF,Seattle,35,1980,14,9,888,9.9,0,0,0,0,0,2,0,0.00,0.00,0.00,0.00,0.00,Matches
446,Cole Seiler\Cole-Seiler,us USA,DF,Vancouver,21,1994,2,2,180,2.0,0,0,0,0,0,0,0,0.00,0.00,0.00,0.00,0.00,Matches
447,Chris Seitz\Chris-Seitz,us USA,GK,FC Dallas,28,1987,28,28,2520,28.0,0,0,0,0,0,1,0,0.00,0.00,0.00,0.00,0.00,Matches
448,Dillon Serna\Dillon-Serna,us USA,MFDF,Colorado,21,1994,9,3,284,3.2,1,0,1,0,0,1,0,0.32,0.00,0.32,0.32,0.32,Matches
449,Brek Shea\Brek-Shea,us USA,DFMF,Orlando City,25,1990,27,22,2003,22.3,3,2,3,0,0,9,0,0.13,0.09,0.22,0.13,0.22,Matches
450,Khiry Shelton\Khiry-Shelton,us USA,FW,NYCFC,22,1993,22,13,1160,12.9,4,6,4,0,0,0,0,0.31,0.47,0.78,0.31,0.78,Matches
451,Harry Shipp\Harry-Shipp,us USA,MF,Montreal,24,1991,27,20,1587,17.6,2,3,2,0,0,2,0,0.11,0.17,0.28,0.11,0.28,Matches
452,Bobby Shuttleworth\Bobby-Shuttleworth,us USA,GK,New England,28,1987,21,20,1816,20.2,0,0,0,0,0,1,1,0.00,0.00,0.00,0.00,0.00,Matches
453,Matheus Silva\Matheus-Silva,br BRA,MF,San Jose,19,1996,4,2,140,1.6,0,0,0,0,0,1,0,0.00,0.00,0.00,0.00,0.00,Matches
454,Seth Sinovic\Seth-Sinovic,us USA,DF,Sporting KC,29,1987,9,6,533,5.9,0,0,0,0,0,2,0,0.00,0.00,0.00,0.00,0.00,Matches
455,Axel Sjöberg\Axel-Sjoberg,se SWE,DF,Colorado,24,1991,31,31,2771,30.8,2,1,2,0,0,6,0,0.06,0.03,0.10,0.06,0.10,Matches
456,Donnie Smith\Donnie-Smith,us USA,DF,New England,25,1990,3,2,214,2.4,0,0,0,0,0,0,0,0.00,0.00,0.00,0.00,0.00,Matches
457,Jordan Smith\Jordan-Smith,cr CRC,DF,Vancouver,24,1991,17,15,1266,14.1,0,0,0,0,0,2,1,0.00,0.00,0.00,0.00,0.00,Matches
458,Luis Solignac\Luis-Solignac,ar ARG,MFFW,Colorado,24,1991,18,12,1106,12.3,3,2,3,0,0,0,0,0.24,0.16,0.41,0.24,0.41,Matches
459,Luis Solignac\Luis-Solignac,ar ARG,FWMF,Chicago,24,1991,13,12,1070,11.9,2,0,2,0,0,1,1,0.17,0.00,0.17,0.17,0.17,Matches
460,Michael Stephens\Michael-Stephens,us USA,MF,Chicago,26,1989,17,11,949,10.5,0,1,0,0,0,1,0,0.00,0.09,0.09,0.00,0.09,Matches
461,Daniel Steres\Daniel-Steres,us USA,DF,LA Galaxy,25,1990,31,29,2656,29.5,1,1,1,0,0,5,0,0.03,0.03,0.07,0.03,0.07,Matches
462,John Stertzer\John-Stertzer,us USA,MF,Real Salt Lake,25,1990,18,9,781,8.7,0,1,0,0,0,0,0,0.00,0.12,0.12,0.00,0.12,Matches
463,Jordan Stewart\Jordan-Stewart,eng ENG,DF,San Jose,33,1982,15,14,1220,13.6,0,1,0,0,0,4,0,0.00,0.07,0.07,0.00,0.07,Matches
464,Brad Stuver\Brad-Stuver,us USA,GK,Columbus,24,1991,2,2,180,2.0,0,0,0,0,0,0,0,0.00,0.00,0.00,0.00,0.00,Matches
465,Sunny\Sunny,ng NGA,MF,Real Salt Lake,27,1988,15,15,1106,12.3,1,1,1,0,0,4,0,0.08,0.08,0.16,0.08,0.16,Matches
466,Ben Swanson\Ben-Swanson,us USA,MF,Columbus,18,1997,1,0,17,0.2,0,0,0,0,0,0,0,0.00,0.00,0.00,0.00,0.00,Matches
467,Andrew Tarbell\Andrew-Tarbell,us USA,GK,San Jose,22,1993,1,1,44,0.5,0,0,0,0,0,0,0,0.00,0.00,0.00,0.00,0.00,Matches
468,Amro Tarek\Amro-Tarek,eg EGY,DF,Columbus,23,1992,1,0,3,0.0,0,0,0,0,0,0,0,0.00,0.00,0.00,0.00,0.00,Matches
469,Jermaine Taylor\Jermaine-Taylor,jm JAM,DF,Portland,31,1985,23,21,1839,20.4,0,2,0,0,0,4,0,0.00,0.10,0.10,0.00,0.10,Matches
470,Steven Taylor\Steven-Taylor,eng ENG,DF,Portland,30,1986,9,9,810,9.0,1,0,1,0,0,0,0,0.11,0.00,0.11,0.11,0.11,Matches
471,Tony Taylor\Tony-Taylor,pa PAN,FWMF,NYCFC,26,1989,14,7,607,6.7,2,1,2,0,0,2,0,0.30,0.15,0.44,0.30,0.44,Matches
472,Tony Tchani\Tony-Tchani,cm CMR,MF,Columbus,26,1989,21,20,1790,19.9,1,2,1,0,0,8,1,0.05,0.10,0.15,0.05,0.15,Matches
473,Cristian Techera\Cristian-Techera,uy URU,MF,Vancouver,23,1992,29,19,1583,17.6,2,1,1,1,1,3,0,0.11,0.06,0.17,0.06,0.11,Matches
474,Russell Teibert\Russell-Teibert,ca CAN,MF,Vancouver,23,1992,11,8,697,7.7,0,0,0,0,0,1,0,0.00,0.00,0.00,0.00,0.00,Matches
475,Khaly Thiam\Khaly-Thiam,sn SEN,MF,Chicago,22,1994,20,15,1284,14.3,1,0,1,0,0,3,1,0.07,0.00,0.07,0.07,0.07,Matches
476,Tommy Thompson\Tommy-Thompson,us USA,MF,San Jose,20,1995,17,9,828,9.2,0,0,0,0,0,2,0,0.00,0.00,0.00,0.00,0.00,Matches
477,Chris Tierney\Chris-Tierney,us USA,DF,New England,30,1986,28,27,2317,25.7,2,2,2,0,0,1,0,0.08,0.08,0.16,0.08,0.16,Matches
478,Maxim Tissot\Maxim-Tissot,ca CAN,DF,Montreal,23,1992,7,5,518,5.8,1,0,1,0,0,0,0,0.17,0.00,0.17,0.17,0.17,Matches
479,Donny Toia\Donny-Toia,us USA,DF,Montreal,23,1992,17,15,1367,15.2,0,2,0,0,0,2,0,0.00,0.13,0.13,0.00,0.13,Matches
480,Paolo Tornaghi\Paolo-Tornaghi,it ITA,GK,Vancouver,27,1988,1,1,90,1.0,0,0,0,0,0,0,0,0.00,0.00,0.00,0.00,0.00,Matches
481,Erick Torres\Erick-Torres,mx MEX,FW,Houston,23,1993,11,4,404,4.5,0,1,0,0,0,1,0,0.00,0.22,0.22,0.00,0.22,Matches
482,Román Torres\Roman-Torres,pa PAN,DF,Seattle,29,1986,9,8,765,8.5,0,0,0,0,0,1,0,0.00,0.00,0.00,0.00,0.00,Matches
483,Wil Trapp\Wil-Trapp,us USA,MF,Columbus,23,1993,30,29,2542,28.2,0,1,0,0,0,5,0,0.00,0.04,0.04,0.00,0.04,Matches
484,Ken Tribbett\Ken-Tribbett,us USA,DF,Philadelphia,23,1992,22,19,1729,19.2,2,0,2,0,0,4,0,0.10,0.00,0.10,0.10,0.10,Matches
485,Victor Ulloa\Victor-Ulloa,us USA,MF,FC Dallas,23,1992,32,18,1683,18.7,2,0,2,0,0,2,0,0.11,0.00,0.11,0.11,0.11,Matches
486,Maximiliano Urruti\Maximiliano-Urruti,ar ARG,FW,FC Dallas,24,1991,30,29,2473,27.5,9,3,9,0,0,4,0,0.33,0.11,0.44,0.33,0.44,Matches
487,Nelson Valdez\Nelson-Valdez,py PAR,FW,Seattle,32,1983,24,8,910,10.1,0,1,0,0,0,4,0,0.00,0.10,0.10,0.00,0.10,Matches
488,Zarek Valentin\Zarek-Valentin,us USA,DF,Portland,24,1991,20,18,1605,17.8,1,1,1,0,0,2,0,0.06,0.06,0.11,0.06,0.11,Matches
489,Diego Valeri\Diego-Valeri,ar ARG,MF,Portland,29,1986,30,30,2629,29.2,14,6,10,4,4,2,2,0.48,0.21,0.68,0.34,0.55,Matches
490,Jelle Van Damme\Jelle-Van-Damme,be BEL,DF,LA Galaxy,32,1983,28,28,2432,27.0,0,2,0,0,0,9,0,0.00,0.07,0.07,0.00,0.07,Matches
491,Johan Venegas\Johan-Venegas,cr CRC,MFFW,Montreal,27,1988,20,7,690,7.7,1,1,1,0,0,2,0,0.13,0.13,0.26,0.13,0.26,Matches
492,Gonzalo Verón\Gonzalo-Veron,ar ARG,MFFW,NY Red Bulls,26,1989,23,6,642,7.1,3,0,3,0,0,1,1,0.42,0.00,0.42,0.42,0.42,Matches
493,David Villa\David-Villa,es ESP,FW,NYCFC,34,1981,33,32,2869,31.9,23,4,18,5,6,5,0,0.72,0.13,0.85,0.56,0.69,Matches
494,Jose Villarreal\Jose-Villarreal,us USA,FWMF,LA Galaxy,22,1993,3,0,19,0.2,0,0,0,0,0,1,0,0.00,0.00,0.00,0.00,0.00,Matches
495,Brandon Vincent\Brandon-Vincent,us USA,DF,Chicago,21,1994,26,24,2191,24.3,0,2,0,0,0,1,0,0.00,0.08,0.08,0.00,0.08,Matches
496,Rob Vincent\Rob-Vincent,eng ENG,MF,D.C. United,25,1990,20,12,1142,12.7,2,1,2,0,0,4,0,0.16,0.08,0.24,0.16,0.24,Matches
497,Tyson Wahl\Tyson-Wahl,us USA,DF,Columbus,31,1984,13,11,1015,11.3,0,0,0,0,0,2,1,0.00,0.00,0.00,0.00,0.00,Matches
498,Collen Warner\Collen-Warner,us USA,MF,Houston,27,1988,24,24,1971,21.9,0,0,0,0,0,2,0,0.00,0.00,0.00,0.00,0.00,Matches
499,Kendall Waston\Kendall-Waston,cr CRC,DF,Vancouver,28,1988,26,26,2267,25.2,3,1,3,0,0,8,4,0.12,0.04,0.16,0.12,0.16,Matches
500,Je-Vaughn Watson\Je-Vaughn-Watson,jm JAM,DFMF,New England,32,1983,23,19,1707,19.0,1,1,1,0,0,3,1,0.05,0.05,0.11,0.05,0.11,Matches
501,Jared Watts\Jared-Watts,us USA,DF,Colorado,23,1992,21,18,1648,18.3,0,0,0,0,0,5,0,0.00,0.00,0.00,0.00,0.00,Matches
502,Andrew Wenger\Andrew-Wenger,us USA,MF,Houston,25,1990,32,24,2058,22.9,6,2,6,0,0,3,0,0.26,0.09,0.35,0.26,0.35,Matches
503,Ethan White\Ethan-White,us USA,DF,NYCFC,25,1991,13,7,680,7.6,0,0,0,0,0,2,2,0.00,0.00,0.00,0.00,0.00,Matches
504,Josh Williams\Josh-Williams,us USA,DF,Toronto FC,27,1988,15,11,916,10.2,0,1,0,0,0,0,1,0.00,0.10,0.10,0.00,0.10,Matches
505,Mekeil Williams\Mekeil-Williams,tt TRI,DF,Colorado,25,1990,21,17,1471,16.3,0,2,0,0,0,5,0,0.00,0.12,0.12,0.00,0.12,Matches
506,Sheanon Williams\Sheanon-Williams,us USA,DF,Houston,25,1990,22,20,1807,20.1,0,1,0,0,0,3,0,0.00,0.05,0.05,0.00,0.05,Matches
507,Joe Willis\Joe-Willis,us USA,GK,Houston,27,1988,26,24,2276,25.3,0,0,0,0,0,2,0,0.00,0.00,0.00,0.00,0.00,Matches
508,Chris Wingert\Chris-Wingert,us USA,DF,Real Salt Lake,33,1982,20,18,1505,16.7,0,0,0,0,0,5,0,0.00,0.00,0.00,0.00,0.00,Matches
509,Adrian Winter\Adrian-Winter,ch SUI,MF,Orlando City,29,1986,13,12,969,10.8,3,2,3,0,0,1,0,0.28,0.19,0.46,0.28,0.46,Matches
510,Chris Wondolowski\Chris-Wondolowski,us USA,FW,San Jose,33,1983,30,30,2696,30.0,12,3,9,3,5,0,0,0.40,0.10,0.50,0.30,0.40,Matches
511,London Woodberry\London-Woodberry,us USA,DF,New England,24,1991,25,23,2069,23.0,1,0,1,0,0,7,0,0.04,0.00,0.04,0.04,0.04,Matches
512,Travis Worra\Travis-Worra,us USA,GK,D.C. United,22,1993,13,13,1170,13.0,0,0,0,0,0,0,0,0.00,0.00,0.00,0.00,0.00,Matches
513,Bradley Wright-Phillips\Bradley-Wright-Phillips,eng ENG,FW,NY Red Bulls,30,1985,34,32,2748,30.5,24,4,24,0,1,2,0,0.79,0.13,0.92,0.79,0.92,Matches
514,Shaun Wright-Phillips\Shaun-Wright-Phillips,eng ENG,MF,NY Red Bulls,34,1981,7,1,126,1.4,0,0,0,0,0,0,0,0.00,0.00,0.00,0.00,0.00,Matches
515,Marvell Wynne\Marvell-Wynne,us USA,DF,San Jose,29,1986,32,31,2768,30.8,0,1,0,0,0,3,0,0.00,0.03,0.03,0.00,0.03,Matches
516,Joshua Yaro\Joshua-Yaro,gh GHA,DF,Philadelphia,21,1994,17,15,1326,14.7,0,0,0,0,0,3,4,0.00,0.00,0.00,0.00,0.00,Matches
517,Gyasi Zardes\Gyasi-Zardes,us USA,FWMF,LA Galaxy,24,1991,19,17,1634,18.2,6,5,6,0,0,1,0,0.33,0.28,0.61,0.33,0.61,Matches
518,Eriq Zavaleta\Eriq-Zavaleta,us USA,DFMF,Toronto FC,23,1992,15,14,1275,14.2,0,1,0,0,0,2,0,0.00,0.07,0.07,0.00,0.07,Matches
519,Ben Zemanski\Ben-Zemanski,us USA,MF,Portland,27,1988,16,11,1009,11.2,0,0,0,0,0,2,0,0.00,0.00,0.00,0.00,0.00,Matches
520,Walker Zimmerman\Walker-Zimmerman,us USA,DF,FC Dallas,22,1993,30,30,2700,30.0,4,0,4,0,0,4,0,0.13,0.00,0.13,0.13,0.13,Matches
521,Sal Zizzo\Sal-Zizzo,us USA,DF,NY Red Bulls,28,1987,28,20,1924,21.4,0,2,0,0,0,2,0,0.00,0.09,0.09,0.00,0.09,Matches
522,Ronald Zubar\Ronald-Zubar,fr FRA,DF,NY Red Bulls,30,1985,21,19,1590,17.7,2,0,2,0,0,6,0,0.11,0.00,0.11,0.11,0.11,Matches
523,Graham Zusi\Graham-Zusi,us USA,FWMF,Sporting KC,29,1986,21,18,1651,18.3,2,2,2,0,0,1,0,0.11,0.11,0.22,0.11,0.22,Matches